solid OpenSCAD_Model
  facet normal -1 0 0
    outer loop
      vertex -5 -1 -6
      vertex -5 -11 0
      vertex -5 -1 8
    endloop
  endfacet
  facet normal -1 0 0
    outer loop
      vertex -5 -1 -6
      vertex -5 -40 0
      vertex -5 -11 0
    endloop
  endfacet
  facet normal -1 0 0
    outer loop
      vertex -5 -46 5.2
      vertex -5 -40 0
      vertex -5 -46 0
    endloop
  endfacet
  facet normal -1 0 0
    outer loop
      vertex -5 -1 -6
      vertex -5 -46 0
      vertex -5 -40 0
    endloop
  endfacet
  facet normal -1 0 0
    outer loop
      vertex -5 -86 -6
      vertex -5 -46 0
      vertex -5 -1 -6
    endloop
  endfacet
  facet normal -1 -0 0
    outer loop
      vertex -5 -81 0
      vertex -5 -86 -6
      vertex -5 -81 5.2
    endloop
  endfacet
  facet normal -1 -0 0
    outer loop
      vertex -5 -46 0
      vertex -5 -86 -6
      vertex -5 -81 0
    endloop
  endfacet
  facet normal -1 -0 0
    outer loop
      vertex -5 -1 8
      vertex -5 -11 0
      vertex -5 -11 8
    endloop
  endfacet
  facet normal -1 0 0
    outer loop
      vertex -5 -40 0
      vertex -5 -46 5.2
      vertex -5 -40 19.8
    endloop
  endfacet
  facet normal -1 0 0
    outer loop
      vertex -5 -53 24.5
      vertex -5 -40 19.8
      vertex -5 -46 5.2
    endloop
  endfacet
  facet normal -1 0 0
    outer loop
      vertex -5 -40 19.8
      vertex -5 -50.0048 31.098
      vertex -5 -48.38 40
    endloop
  endfacet
  facet normal -1 0 -0
    outer loop
      vertex -5 -50 31
      vertex -5 -40 19.8
      vertex -5 -50.0048 30.902
    endloop
  endfacet
  facet normal -1 0 0
    outer loop
      vertex -5 -50.0048 31.098
      vertex -5 -40 19.8
      vertex -5 -50 31
    endloop
  endfacet
  facet normal -1 0 0
    outer loop
      vertex -5 -40 19.8
      vertex -5 -50.0192 30.8049
      vertex -5 -50.0048 30.902
    endloop
  endfacet
  facet normal -1 0 0
    outer loop
      vertex -5 -40 19.8
      vertex -5 -50.0431 30.7097
      vertex -5 -50.0192 30.8049
    endloop
  endfacet
  facet normal -1 0 0
    outer loop
      vertex -5 -40 19.8
      vertex -5 -50.0761 30.6173
      vertex -5 -50.0431 30.7097
    endloop
  endfacet
  facet normal -1 0 0
    outer loop
      vertex -5 -40 19.8
      vertex -5 -50.1181 30.5286
      vertex -5 -50.0761 30.6173
    endloop
  endfacet
  facet normal -1 0 0
    outer loop
      vertex -5 -40 19.8
      vertex -5 -50.1685 30.4444
      vertex -5 -50.1181 30.5286
    endloop
  endfacet
  facet normal -1 0 -0
    outer loop
      vertex -5 -50.3656 30.227
      vertex -5 -40 19.8
      vertex -5 -53 24.5
    endloop
  endfacet
  facet normal -1 0 0
    outer loop
      vertex -5 -40 19.8
      vertex -5 -50.227 30.3656
      vertex -5 -50.1685 30.4444
    endloop
  endfacet
  facet normal -1 0 0
    outer loop
      vertex -5 -40 19.8
      vertex -5 -50.2929 30.2929
      vertex -5 -50.227 30.3656
    endloop
  endfacet
  facet normal -1 0 0
    outer loop
      vertex -5 -40 19.8
      vertex -5 -50.3656 30.227
      vertex -5 -50.2929 30.2929
    endloop
  endfacet
  facet normal -1 0 0
    outer loop
      vertex -5 -50.3656 30.227
      vertex -5 -53 24.5
      vertex -5 -50.4444 30.1685
    endloop
  endfacet
  facet normal -1 0 0
    outer loop
      vertex -5 -50.4444 30.1685
      vertex -5 -53 24.5
      vertex -5 -50.5286 30.1181
    endloop
  endfacet
  facet normal -1 0 0
    outer loop
      vertex -5 -50.5286 30.1181
      vertex -5 -53 24.5
      vertex -5 -50.6173 30.0761
    endloop
  endfacet
  facet normal -1 0 0
    outer loop
      vertex -5 -50.6173 30.0761
      vertex -5 -53 24.5
      vertex -5 -50.7097 30.0431
    endloop
  endfacet
  facet normal -1 0 0
    outer loop
      vertex -5 -50.7097 30.0431
      vertex -5 -53 24.5
      vertex -5 -50.8049 30.0192
    endloop
  endfacet
  facet normal -1 0 0
    outer loop
      vertex -5 -50.8049 30.0192
      vertex -5 -53 24.5
      vertex -5 -50.902 30.0048
    endloop
  endfacet
  facet normal -1 0 0
    outer loop
      vertex -5 -50.902 30.0048
      vertex -5 -53 24.5
      vertex -5 -51 30
    endloop
  endfacet
  facet normal -1 -0 0
    outer loop
      vertex -5 -51 30
      vertex -5 -53 24.5
      vertex -5 -51.098 30.0048
    endloop
  endfacet
  facet normal -1 -0 0
    outer loop
      vertex -5 -51.098 30.0048
      vertex -5 -53 24.5
      vertex -5 -51.1951 30.0192
    endloop
  endfacet
  facet normal -1 -0 0
    outer loop
      vertex -5 -51.1951 30.0192
      vertex -5 -53 24.5
      vertex -5 -51.2903 30.0431
    endloop
  endfacet
  facet normal -1 -0 0
    outer loop
      vertex -5 -51.2903 30.0431
      vertex -5 -53 24.5
      vertex -5 -51.3827 30.0761
    endloop
  endfacet
  facet normal -1 -0 0
    outer loop
      vertex -5 -51.3827 30.0761
      vertex -5 -53 24.5
      vertex -5 -51.4714 30.1181
    endloop
  endfacet
  facet normal -1 -0 0
    outer loop
      vertex -5 -51.4714 30.1181
      vertex -5 -53 24.5
      vertex -5 -51.5556 30.1685
    endloop
  endfacet
  facet normal -1 -0 0
    outer loop
      vertex -5 -51.5556 30.1685
      vertex -5 -53 24.5
      vertex -5 -51.6344 30.227
    endloop
  endfacet
  facet normal -1 -0 0
    outer loop
      vertex -5 -51.6344 30.227
      vertex -5 -53 24.5
      vertex -5 -51.7071 30.2929
    endloop
  endfacet
  facet normal -1 -0 0
    outer loop
      vertex -5 -51.7071 30.2929
      vertex -5 -53 24.5
      vertex -5 -51.773 30.3656
    endloop
  endfacet
  facet normal -1 -0 0
    outer loop
      vertex -5 -51.773 30.3656
      vertex -5 -53 24.5
      vertex -5 -51.8315 30.4444
    endloop
  endfacet
  facet normal -1 -0 0
    outer loop
      vertex -5 -51.8315 30.4444
      vertex -5 -53 24.5
      vertex -5 -51.8819 30.5286
    endloop
  endfacet
  facet normal -1 -0 0
    outer loop
      vertex -5 -51.8819 30.5286
      vertex -5 -53 24.5
      vertex -5 -51.9239 30.6173
    endloop
  endfacet
  facet normal -1 -0 0
    outer loop
      vertex -5 -51.9239 30.6173
      vertex -5 -53 24.5
      vertex -5 -51.9569 30.7097
    endloop
  endfacet
  facet normal -1 -0 0
    outer loop
      vertex -5 -51.9952 30.902
      vertex -5 -53 24.5
      vertex -5 -52 31
    endloop
  endfacet
  facet normal -1 -0 0
    outer loop
      vertex -5 -51.9808 30.8049
      vertex -5 -53 24.5
      vertex -5 -51.9952 30.902
    endloop
  endfacet
  facet normal -1 -0 0
    outer loop
      vertex -5 -51.9569 30.7097
      vertex -5 -53 24.5
      vertex -5 -51.9808 30.8049
    endloop
  endfacet
  facet normal -1 0 0
    outer loop
      vertex -5 -74.5072 12.853
      vertex -5 -53 24.5
      vertex -5 -46 5.2
    endloop
  endfacet
  facet normal -1 0 0
    outer loop
      vertex -5 -53 24.5
      vertex -5 -74.5072 12.853
      vertex -5 -74.5 13
    endloop
  endfacet
  facet normal -1 0 0
    outer loop
      vertex -5 -46 5.2
      vertex -5 -74.5288 12.7074
      vertex -5 -74.5072 12.853
    endloop
  endfacet
  facet normal -1 0 0
    outer loop
      vertex -5 -46 5.2
      vertex -5 -74.5646 12.5646
      vertex -5 -74.5288 12.7074
    endloop
  endfacet
  facet normal -1 0 0
    outer loop
      vertex -5 -46 5.2
      vertex -5 -74.6142 12.426
      vertex -5 -74.5646 12.5646
    endloop
  endfacet
  facet normal -1 0 0
    outer loop
      vertex -5 -46 5.2
      vertex -5 -74.6771 12.2929
      vertex -5 -74.6142 12.426
    endloop
  endfacet
  facet normal -1 0 0
    outer loop
      vertex -5 -46 5.2
      vertex -5 -74.7528 12.1666
      vertex -5 -74.6771 12.2929
    endloop
  endfacet
  facet normal -1 0 0
    outer loop
      vertex -5 -46 5.2
      vertex -5 -74.8405 12.0484
      vertex -5 -74.7528 12.1666
    endloop
  endfacet
  facet normal -1 0 0
    outer loop
      vertex -5 -46 5.2
      vertex -5 -74.9393 11.9393
      vertex -5 -74.8405 12.0484
    endloop
  endfacet
  facet normal -1 0 0
    outer loop
      vertex -5 -46 5.2
      vertex -5 -75.0484 11.8405
      vertex -5 -74.9393 11.9393
    endloop
  endfacet
  facet normal -1 0 0
    outer loop
      vertex -5 -46 5.2
      vertex -5 -75.1666 11.7528
      vertex -5 -75.0484 11.8405
    endloop
  endfacet
  facet normal -1 0 0
    outer loop
      vertex -5 -81 5.2
      vertex -5 -75.1666 11.7528
      vertex -5 -46 5.2
    endloop
  endfacet
  facet normal -1 0 0
    outer loop
      vertex -5 -75.1666 11.7528
      vertex -5 -81 5.2
      vertex -5 -75.2929 11.6771
    endloop
  endfacet
  facet normal -1 0 0
    outer loop
      vertex -5 -75.2929 11.6771
      vertex -5 -81 5.2
      vertex -5 -75.426 11.6142
    endloop
  endfacet
  facet normal -1 0 0
    outer loop
      vertex -5 -75.426 11.6142
      vertex -5 -81 5.2
      vertex -5 -75.5646 11.5646
    endloop
  endfacet
  facet normal -1 0 0
    outer loop
      vertex -5 -75.5646 11.5646
      vertex -5 -81 5.2
      vertex -5 -75.7074 11.5288
    endloop
  endfacet
  facet normal -1 0 0
    outer loop
      vertex -5 -75.7074 11.5288
      vertex -5 -81 5.2
      vertex -5 -75.853 11.5072
    endloop
  endfacet
  facet normal -1 0 0
    outer loop
      vertex -5 -75.853 11.5072
      vertex -5 -81 5.2
      vertex -5 -76 11.5
    endloop
  endfacet
  facet normal -1 -0 0
    outer loop
      vertex -5 -76 11.5
      vertex -5 -81 5.2
      vertex -5 -76.147 11.5072
    endloop
  endfacet
  facet normal -1 0 0
    outer loop
      vertex -5 -77 24.5
      vertex -5 -78.0048 30.902
      vertex -5 -78 31
    endloop
  endfacet
  facet normal -1 0 0
    outer loop
      vertex -5 -77.4928 13.147
      vertex -5 -78.0192 30.8049
      vertex -5 -78.0048 30.902
    endloop
  endfacet
  facet normal -1 0 0
    outer loop
      vertex -5 -77.4928 13.147
      vertex -5 -78.0431 30.7097
      vertex -5 -78.0192 30.8049
    endloop
  endfacet
  facet normal -1 0 0
    outer loop
      vertex -5 -77.4928 13.147
      vertex -5 -78.0761 30.6173
      vertex -5 -78.0431 30.7097
    endloop
  endfacet
  facet normal -1 0 0
    outer loop
      vertex -5 -77.4928 13.147
      vertex -5 -78.1181 30.5286
      vertex -5 -78.0761 30.6173
    endloop
  endfacet
  facet normal -1 0 0
    outer loop
      vertex -5 -77.4928 13.147
      vertex -5 -78.1685 30.4444
      vertex -5 -78.1181 30.5286
    endloop
  endfacet
  facet normal -1 0 0
    outer loop
      vertex -5 -77.4928 13.147
      vertex -5 -78.227 30.3656
      vertex -5 -78.1685 30.4444
    endloop
  endfacet
  facet normal -1 0 0
    outer loop
      vertex -5 -77.4928 13.147
      vertex -5 -78.2929 30.2929
      vertex -5 -78.227 30.3656
    endloop
  endfacet
  facet normal -1 0 0
    outer loop
      vertex -5 -77.4928 13.147
      vertex -5 -78.3656 30.227
      vertex -5 -78.2929 30.2929
    endloop
  endfacet
  facet normal -1 0 0
    outer loop
      vertex -5 -81 5.2
      vertex -5 -77.5 13
      vertex -5 -77.4928 12.853
    endloop
  endfacet
  facet normal -1 0 0
    outer loop
      vertex -5 -77.4928 13.147
      vertex -5 -78.4444 30.1685
      vertex -5 -78.3656 30.227
    endloop
  endfacet
  facet normal -1 0 0
    outer loop
      vertex -5 -77.4928 13.147
      vertex -5 -78.5286 30.1181
      vertex -5 -78.4444 30.1685
    endloop
  endfacet
  facet normal -1 0 0
    outer loop
      vertex -5 -77.4928 13.147
      vertex -5 -78.6173 30.0761
      vertex -5 -78.5286 30.1181
    endloop
  endfacet
  facet normal -1 0 0
    outer loop
      vertex -5 -77.4928 13.147
      vertex -5 -78.7097 30.0431
      vertex -5 -78.6173 30.0761
    endloop
  endfacet
  facet normal -1 0 0
    outer loop
      vertex -5 -77.4928 13.147
      vertex -5 -78.8049 30.0192
      vertex -5 -78.7097 30.0431
    endloop
  endfacet
  facet normal -1 0 0
    outer loop
      vertex -5 -77.4928 13.147
      vertex -5 -78.902 30.0048
      vertex -5 -78.8049 30.0192
    endloop
  endfacet
  facet normal -1 0 0
    outer loop
      vertex -5 -77.4928 13.147
      vertex -5 -79 30
      vertex -5 -78.902 30.0048
    endloop
  endfacet
  facet normal -1 0 0
    outer loop
      vertex -5 -77.4928 13.147
      vertex -5 -79.098 30.0048
      vertex -5 -79 30
    endloop
  endfacet
  facet normal -1 0 0
    outer loop
      vertex -5 -77.4928 13.147
      vertex -5 -79.1951 30.0192
      vertex -5 -79.098 30.0048
    endloop
  endfacet
  facet normal -1 0 0
    outer loop
      vertex -5 -77.4928 13.147
      vertex -5 -79.2903 30.0431
      vertex -5 -79.1951 30.0192
    endloop
  endfacet
  facet normal -1 0 0
    outer loop
      vertex -5 -77.4928 13.147
      vertex -5 -79.3827 30.0761
      vertex -5 -79.2903 30.0431
    endloop
  endfacet
  facet normal -1 0 0
    outer loop
      vertex -5 -77.4928 13.147
      vertex -5 -79.4714 30.1181
      vertex -5 -79.3827 30.0761
    endloop
  endfacet
  facet normal -1 0 0
    outer loop
      vertex -5 -77.4928 13.147
      vertex -5 -79.5556 30.1685
      vertex -5 -79.4714 30.1181
    endloop
  endfacet
  facet normal -1 0 0
    outer loop
      vertex -5 -77.4928 13.147
      vertex -5 -79.6344 30.227
      vertex -5 -79.5556 30.1685
    endloop
  endfacet
  facet normal -1 0 0
    outer loop
      vertex -5 -77.4928 13.147
      vertex -5 -79.7071 30.2929
      vertex -5 -79.6344 30.227
    endloop
  endfacet
  facet normal -1 0 0
    outer loop
      vertex -5 -77.4928 13.147
      vertex -5 -79.773 30.3656
      vertex -5 -79.7071 30.2929
    endloop
  endfacet
  facet normal -1 0 0
    outer loop
      vertex -5 -77.4928 13.147
      vertex -5 -79.8315 30.4444
      vertex -5 -79.773 30.3656
    endloop
  endfacet
  facet normal -1 0 0
    outer loop
      vertex -5 -77.4928 13.147
      vertex -5 -79.8819 30.5286
      vertex -5 -79.8315 30.4444
    endloop
  endfacet
  facet normal -1 -0 0
    outer loop
      vertex -5 -77.4928 13.147
      vertex -5 -81 5.2
      vertex -5 -79.8819 30.5286
    endloop
  endfacet
  facet normal -1 -0 0
    outer loop
      vertex -5 -79.8819 30.5286
      vertex -5 -81 5.2
      vertex -5 -79.9239 30.6173
    endloop
  endfacet
  facet normal -1 -0 0
    outer loop
      vertex -5 -79.9239 30.6173
      vertex -5 -81 5.2
      vertex -5 -79.9569 30.7097
    endloop
  endfacet
  facet normal -1 0 0
    outer loop
      vertex -5 -86 41.5
      vertex -5 -79.9569 30.7097
      vertex -5 -81 5.2
    endloop
  endfacet
  facet normal -1 0 0
    outer loop
      vertex -5 -79.9808 30.8049
      vertex -5 -86 41.5
      vertex -5 -79.9952 30.902
    endloop
  endfacet
  facet normal -1 0 0
    outer loop
      vertex -5 -79.9569 30.7097
      vertex -5 -86 41.5
      vertex -5 -79.9808 30.8049
    endloop
  endfacet
  facet normal -1 -0 0
    outer loop
      vertex -5 -77.4712 12.7074
      vertex -5 -81 5.2
      vertex -5 -77.4928 12.853
    endloop
  endfacet
  facet normal -1 -0 0
    outer loop
      vertex -5 -77.4354 12.5646
      vertex -5 -81 5.2
      vertex -5 -77.4712 12.7074
    endloop
  endfacet
  facet normal -1 -0 0
    outer loop
      vertex -5 -77.3858 12.426
      vertex -5 -81 5.2
      vertex -5 -77.4354 12.5646
    endloop
  endfacet
  facet normal -1 -0 0
    outer loop
      vertex -5 -77.3229 12.2929
      vertex -5 -81 5.2
      vertex -5 -77.3858 12.426
    endloop
  endfacet
  facet normal -1 -0 0
    outer loop
      vertex -5 -77.2472 12.1666
      vertex -5 -81 5.2
      vertex -5 -77.3229 12.2929
    endloop
  endfacet
  facet normal -1 -0 0
    outer loop
      vertex -5 -77.1595 12.0484
      vertex -5 -81 5.2
      vertex -5 -77.2472 12.1666
    endloop
  endfacet
  facet normal -1 -0 0
    outer loop
      vertex -5 -77.0607 11.9393
      vertex -5 -81 5.2
      vertex -5 -77.1595 12.0484
    endloop
  endfacet
  facet normal -1 -0 0
    outer loop
      vertex -5 -76.9516 11.8405
      vertex -5 -81 5.2
      vertex -5 -77.0607 11.9393
    endloop
  endfacet
  facet normal -1 -0 0
    outer loop
      vertex -5 -76.8334 11.7528
      vertex -5 -81 5.2
      vertex -5 -76.9516 11.8405
    endloop
  endfacet
  facet normal -1 -0 0
    outer loop
      vertex -5 -76.7071 11.6771
      vertex -5 -81 5.2
      vertex -5 -76.8334 11.7528
    endloop
  endfacet
  facet normal -1 -0 0
    outer loop
      vertex -5 -76.574 11.6142
      vertex -5 -81 5.2
      vertex -5 -76.7071 11.6771
    endloop
  endfacet
  facet normal -1 -0 0
    outer loop
      vertex -5 -76.4354 11.5646
      vertex -5 -81 5.2
      vertex -5 -76.574 11.6142
    endloop
  endfacet
  facet normal -1 -0 0
    outer loop
      vertex -5 -76.2926 11.5288
      vertex -5 -81 5.2
      vertex -5 -76.4354 11.5646
    endloop
  endfacet
  facet normal -1 -0 0
    outer loop
      vertex -5 -76.147 11.5072
      vertex -5 -81 5.2
      vertex -5 -76.2926 11.5288
    endloop
  endfacet
  facet normal -1 0 0
    outer loop
      vertex -5 -50.0192 31.1951
      vertex -5 -48.38 40
      vertex -5 -50.0048 31.098
    endloop
  endfacet
  facet normal -1 0 0
    outer loop
      vertex -5 -50.0431 31.2903
      vertex -5 -48.38 40
      vertex -5 -50.0192 31.1951
    endloop
  endfacet
  facet normal -1 0 0
    outer loop
      vertex -5 -50.0761 31.3827
      vertex -5 -48.38 40
      vertex -5 -50.0431 31.2903
    endloop
  endfacet
  facet normal -1 0 0
    outer loop
      vertex -5 -50.1181 31.4714
      vertex -5 -48.38 40
      vertex -5 -50.0761 31.3827
    endloop
  endfacet
  facet normal -1 0 0
    outer loop
      vertex -5 -50.1685 31.5556
      vertex -5 -48.38 40
      vertex -5 -50.1181 31.4714
    endloop
  endfacet
  facet normal -1 0 0
    outer loop
      vertex -5 -50.227 31.6344
      vertex -5 -48.38 40
      vertex -5 -50.1685 31.5556
    endloop
  endfacet
  facet normal -1 0 0
    outer loop
      vertex -5 -50.2929 31.7071
      vertex -5 -48.38 40
      vertex -5 -50.227 31.6344
    endloop
  endfacet
  facet normal -1 0 0
    outer loop
      vertex -5 -50.3656 31.773
      vertex -5 -48.38 40
      vertex -5 -50.2929 31.7071
    endloop
  endfacet
  facet normal -1 0 0
    outer loop
      vertex -5 -50.4444 31.8315
      vertex -5 -48.38 40
      vertex -5 -50.3656 31.773
    endloop
  endfacet
  facet normal -1 0 0
    outer loop
      vertex -5 -50.5286 31.8819
      vertex -5 -48.38 40
      vertex -5 -50.4444 31.8315
    endloop
  endfacet
  facet normal -1 0 0
    outer loop
      vertex -5 -50.6173 31.9239
      vertex -5 -48.38 40
      vertex -5 -50.5286 31.8819
    endloop
  endfacet
  facet normal -1 0 0
    outer loop
      vertex -5 -48.38 40
      vertex -5 -50.6173 31.9239
      vertex -5 -53 37.5
    endloop
  endfacet
  facet normal -1 0 0
    outer loop
      vertex -5 -53 37.5
      vertex -5 -50.6173 31.9239
      vertex -5 -50.7097 31.9569
    endloop
  endfacet
  facet normal -1 0 0
    outer loop
      vertex -5 -53 37.5
      vertex -5 -50.7097 31.9569
      vertex -5 -50.8049 31.9808
    endloop
  endfacet
  facet normal -1 0 0
    outer loop
      vertex -5 -53 37.5
      vertex -5 -50.8049 31.9808
      vertex -5 -50.902 31.9952
    endloop
  endfacet
  facet normal -1 0 0
    outer loop
      vertex -5 -53 37.5
      vertex -5 -50.902 31.9952
      vertex -5 -51 32
    endloop
  endfacet
  facet normal -1 0 0
    outer loop
      vertex -5 -53 37.5
      vertex -5 -51 32
      vertex -5 -51.098 31.9952
    endloop
  endfacet
  facet normal -1 0 0
    outer loop
      vertex -5 -53 37.5
      vertex -5 -51.098 31.9952
      vertex -5 -51.1951 31.9808
    endloop
  endfacet
  facet normal -1 0 0
    outer loop
      vertex -5 -53 37.5
      vertex -5 -51.1951 31.9808
      vertex -5 -51.2903 31.9569
    endloop
  endfacet
  facet normal -1 0 0
    outer loop
      vertex -5 -53 37.5
      vertex -5 -51.2903 31.9569
      vertex -5 -51.3827 31.9239
    endloop
  endfacet
  facet normal -1 0 0
    outer loop
      vertex -5 -53 37.5
      vertex -5 -51.3827 31.9239
      vertex -5 -51.4714 31.8819
    endloop
  endfacet
  facet normal -1 0 0
    outer loop
      vertex -5 -53 37.5
      vertex -5 -51.4714 31.8819
      vertex -5 -51.5556 31.8315
    endloop
  endfacet
  facet normal -1 0 0
    outer loop
      vertex -5 -53 37.5
      vertex -5 -51.5556 31.8315
      vertex -5 -51.6344 31.773
    endloop
  endfacet
  facet normal -1 0 0
    outer loop
      vertex -5 -53 37.5
      vertex -5 -51.6344 31.773
      vertex -5 -51.7071 31.7071
    endloop
  endfacet
  facet normal -1 0 0
    outer loop
      vertex -5 -53 37.5
      vertex -5 -51.7071 31.7071
      vertex -5 -51.773 31.6344
    endloop
  endfacet
  facet normal -1 0 0
    outer loop
      vertex -5 -53 37.5
      vertex -5 -51.773 31.6344
      vertex -5 -51.8315 31.5556
    endloop
  endfacet
  facet normal -1 0 0
    outer loop
      vertex -5 -53 37.5
      vertex -5 -51.8315 31.5556
      vertex -5 -51.8819 31.4714
    endloop
  endfacet
  facet normal -1 0 0
    outer loop
      vertex -5 -53 37.5
      vertex -5 -51.8819 31.4714
      vertex -5 -51.9239 31.3827
    endloop
  endfacet
  facet normal -1 0 0
    outer loop
      vertex -5 -53 37.5
      vertex -5 -51.9239 31.3827
      vertex -5 -51.9569 31.2903
    endloop
  endfacet
  facet normal -1 0 0
    outer loop
      vertex -5 -53 37.5
      vertex -5 -52 31
      vertex -5 -53 24.5
    endloop
  endfacet
  facet normal -1 0 0
    outer loop
      vertex -5 -52 31
      vertex -5 -53 37.5
      vertex -5 -51.9952 31.098
    endloop
  endfacet
  facet normal -1 0 0
    outer loop
      vertex -5 -51.9952 31.098
      vertex -5 -53 37.5
      vertex -5 -51.9808 31.1951
    endloop
  endfacet
  facet normal -1 0 0
    outer loop
      vertex -5 -53 37.5
      vertex -5 -51.9569 31.2903
      vertex -5 -51.9808 31.1951
    endloop
  endfacet
  facet normal -1 -0 0
    outer loop
      vertex -5 -48.38 40
      vertex -5 -53 37.5
      vertex -5 -48.38 41.5
    endloop
  endfacet
  facet normal -1 0 0
    outer loop
      vertex -5 -77 37.5
      vertex -5 -48.38 41.5
      vertex -5 -53 37.5
    endloop
  endfacet
  facet normal -1 0 0
    outer loop
      vertex -5 -77.2472 13.8334
      vertex -5 -77 24.5
      vertex -5 -77.1595 13.9516
    endloop
  endfacet
  facet normal -1 0 0
    outer loop
      vertex -5 -77.3229 13.7071
      vertex -5 -77 24.5
      vertex -5 -77.2472 13.8334
    endloop
  endfacet
  facet normal -1 0 0
    outer loop
      vertex -5 -77.3858 13.574
      vertex -5 -77 24.5
      vertex -5 -77.3229 13.7071
    endloop
  endfacet
  facet normal -1 0 0
    outer loop
      vertex -5 -77.4354 13.4354
      vertex -5 -77 24.5
      vertex -5 -77.3858 13.574
    endloop
  endfacet
  facet normal -1 0 0
    outer loop
      vertex -5 -77.4712 13.2926
      vertex -5 -77 24.5
      vertex -5 -77.4354 13.4354
    endloop
  endfacet
  facet normal -1 0 0
    outer loop
      vertex -5 -78.0048 30.902
      vertex -5 -77 24.5
      vertex -5 -77.4712 13.2926
    endloop
  endfacet
  facet normal -1 0 0
    outer loop
      vertex -5 -78.0048 30.902
      vertex -5 -77.4712 13.2926
      vertex -5 -77.4928 13.147
    endloop
  endfacet
  facet normal -1 0 0
    outer loop
      vertex -5 -81 5.2
      vertex -5 -77.4928 13.147
      vertex -5 -77.5 13
    endloop
  endfacet
  facet normal -1 0 0
    outer loop
      vertex -5 -77 24.5
      vertex -5 -78 31
      vertex -5 -77 37.5
    endloop
  endfacet
  facet normal -1 0 0
    outer loop
      vertex -5 -78.0048 31.098
      vertex -5 -77 37.5
      vertex -5 -78 31
    endloop
  endfacet
  facet normal -1 0 0
    outer loop
      vertex -5 -78.0192 31.1951
      vertex -5 -77 37.5
      vertex -5 -78.0048 31.098
    endloop
  endfacet
  facet normal -1 0 0
    outer loop
      vertex -5 -78.0431 31.2903
      vertex -5 -77 37.5
      vertex -5 -78.0192 31.1951
    endloop
  endfacet
  facet normal -1 0 0
    outer loop
      vertex -5 -78.0761 31.3827
      vertex -5 -77 37.5
      vertex -5 -78.0431 31.2903
    endloop
  endfacet
  facet normal -1 0 0
    outer loop
      vertex -5 -78.1181 31.4714
      vertex -5 -77 37.5
      vertex -5 -78.0761 31.3827
    endloop
  endfacet
  facet normal -1 0 0
    outer loop
      vertex -5 -78.1685 31.5556
      vertex -5 -77 37.5
      vertex -5 -78.1181 31.4714
    endloop
  endfacet
  facet normal -1 0 0
    outer loop
      vertex -5 -78.227 31.6344
      vertex -5 -77 37.5
      vertex -5 -78.1685 31.5556
    endloop
  endfacet
  facet normal -1 0 0
    outer loop
      vertex -5 -78.2929 31.7071
      vertex -5 -77 37.5
      vertex -5 -78.227 31.6344
    endloop
  endfacet
  facet normal -1 0 0
    outer loop
      vertex -5 -78.3656 31.773
      vertex -5 -77 37.5
      vertex -5 -78.2929 31.7071
    endloop
  endfacet
  facet normal -1 0 0
    outer loop
      vertex -5 -78.4444 31.8315
      vertex -5 -77 37.5
      vertex -5 -78.3656 31.773
    endloop
  endfacet
  facet normal -1 0 0
    outer loop
      vertex -5 -78.5286 31.8819
      vertex -5 -77 37.5
      vertex -5 -78.4444 31.8315
    endloop
  endfacet
  facet normal -1 0 0
    outer loop
      vertex -5 -78.6173 31.9239
      vertex -5 -77 37.5
      vertex -5 -78.5286 31.8819
    endloop
  endfacet
  facet normal -1 0 0
    outer loop
      vertex -5 -78.7097 31.9569
      vertex -5 -77 37.5
      vertex -5 -78.6173 31.9239
    endloop
  endfacet
  facet normal -1 0 0
    outer loop
      vertex -5 -78.8049 31.9808
      vertex -5 -77 37.5
      vertex -5 -78.7097 31.9569
    endloop
  endfacet
  facet normal -1 0 0
    outer loop
      vertex -5 -78.902 31.9952
      vertex -5 -77 37.5
      vertex -5 -78.8049 31.9808
    endloop
  endfacet
  facet normal -1 0 0
    outer loop
      vertex -5 -79 32
      vertex -5 -77 37.5
      vertex -5 -78.902 31.9952
    endloop
  endfacet
  facet normal -1 0 0
    outer loop
      vertex -5 -79.098 31.9952
      vertex -5 -77 37.5
      vertex -5 -79 32
    endloop
  endfacet
  facet normal -1 0 0
    outer loop
      vertex -5 -79.1951 31.9808
      vertex -5 -77 37.5
      vertex -5 -79.098 31.9952
    endloop
  endfacet
  facet normal -1 0 0
    outer loop
      vertex -5 -79.2903 31.9569
      vertex -5 -77 37.5
      vertex -5 -79.1951 31.9808
    endloop
  endfacet
  facet normal -1 0 0
    outer loop
      vertex -5 -79.3827 31.9239
      vertex -5 -77 37.5
      vertex -5 -79.2903 31.9569
    endloop
  endfacet
  facet normal -1 0 0
    outer loop
      vertex -5 -79.4714 31.8819
      vertex -5 -77 37.5
      vertex -5 -79.3827 31.9239
    endloop
  endfacet
  facet normal -1 0 0
    outer loop
      vertex -5 -79.5556 31.8315
      vertex -5 -77 37.5
      vertex -5 -79.4714 31.8819
    endloop
  endfacet
  facet normal -1 0 0
    outer loop
      vertex -5 -86 41.5
      vertex -5 -79.5556 31.8315
      vertex -5 -79.6344 31.773
    endloop
  endfacet
  facet normal -1 0 0
    outer loop
      vertex -5 -86 41.5
      vertex -5 -79.6344 31.773
      vertex -5 -79.7071 31.7071
    endloop
  endfacet
  facet normal -1 0 0
    outer loop
      vertex -5 -86 41.5
      vertex -5 -79.7071 31.7071
      vertex -5 -79.773 31.6344
    endloop
  endfacet
  facet normal -1 0 0
    outer loop
      vertex -5 -86 41.5
      vertex -5 -79.773 31.6344
      vertex -5 -79.8315 31.5556
    endloop
  endfacet
  facet normal -1 0 0
    outer loop
      vertex -5 -86 41.5
      vertex -5 -79.8315 31.5556
      vertex -5 -79.8819 31.4714
    endloop
  endfacet
  facet normal -1 0 0
    outer loop
      vertex -5 -86 41.5
      vertex -5 -81 5.2
      vertex -5 -86 -6
    endloop
  endfacet
  facet normal -1 0 0
    outer loop
      vertex -5 -79.9952 30.902
      vertex -5 -86 41.5
      vertex -5 -80 31
    endloop
  endfacet
  facet normal -1 0 0
    outer loop
      vertex -5 -80 31
      vertex -5 -86 41.5
      vertex -5 -79.9952 31.098
    endloop
  endfacet
  facet normal -1 0 0
    outer loop
      vertex -5 -77 37.5
      vertex -5 -86 41.5
      vertex -5 -48.38 41.5
    endloop
  endfacet
  facet normal -1 0 0
    outer loop
      vertex -5 -79.5556 31.8315
      vertex -5 -86 41.5
      vertex -5 -77 37.5
    endloop
  endfacet
  facet normal -1 0 0
    outer loop
      vertex -5 -79.9239 31.3827
      vertex -5 -86 41.5
      vertex -5 -79.8819 31.4714
    endloop
  endfacet
  facet normal -1 0 0
    outer loop
      vertex -5 -79.9569 31.2903
      vertex -5 -86 41.5
      vertex -5 -79.9239 31.3827
    endloop
  endfacet
  facet normal -1 0 0
    outer loop
      vertex -5 -79.9808 31.1951
      vertex -5 -86 41.5
      vertex -5 -79.9569 31.2903
    endloop
  endfacet
  facet normal -1 0 0
    outer loop
      vertex -5 -79.9952 31.098
      vertex -5 -86 41.5
      vertex -5 -79.9808 31.1951
    endloop
  endfacet
  facet normal -1 0 0
    outer loop
      vertex -5 -74.5072 13.147
      vertex -5 -53 24.5
      vertex -5 -74.5 13
    endloop
  endfacet
  facet normal -1 0 0
    outer loop
      vertex -5 -74.5288 13.2926
      vertex -5 -53 24.5
      vertex -5 -74.5072 13.147
    endloop
  endfacet
  facet normal -1 0 0
    outer loop
      vertex -5 -74.5646 13.4354
      vertex -5 -53 24.5
      vertex -5 -74.5288 13.2926
    endloop
  endfacet
  facet normal -1 0 0
    outer loop
      vertex -5 -74.6142 13.574
      vertex -5 -53 24.5
      vertex -5 -74.5646 13.4354
    endloop
  endfacet
  facet normal -1 0 0
    outer loop
      vertex -5 -74.6771 13.7071
      vertex -5 -53 24.5
      vertex -5 -74.6142 13.574
    endloop
  endfacet
  facet normal -1 0 0
    outer loop
      vertex -5 -74.7528 13.8334
      vertex -5 -53 24.5
      vertex -5 -74.6771 13.7071
    endloop
  endfacet
  facet normal -1 0 0
    outer loop
      vertex -5 -74.8405 13.9516
      vertex -5 -53 24.5
      vertex -5 -74.7528 13.8334
    endloop
  endfacet
  facet normal -1 0 0
    outer loop
      vertex -5 -77 24.5
      vertex -5 -74.8405 13.9516
      vertex -5 -74.9393 14.0607
    endloop
  endfacet
  facet normal -1 0 0
    outer loop
      vertex -5 -77 24.5
      vertex -5 -74.9393 14.0607
      vertex -5 -75.0484 14.1595
    endloop
  endfacet
  facet normal -1 0 0
    outer loop
      vertex -5 -77 24.5
      vertex -5 -75.0484 14.1595
      vertex -5 -75.1666 14.2472
    endloop
  endfacet
  facet normal -1 0 0
    outer loop
      vertex -5 -77 24.5
      vertex -5 -75.1666 14.2472
      vertex -5 -75.2929 14.3229
    endloop
  endfacet
  facet normal -1 0 0
    outer loop
      vertex -5 -77 24.5
      vertex -5 -75.2929 14.3229
      vertex -5 -75.426 14.3858
    endloop
  endfacet
  facet normal -1 0 0
    outer loop
      vertex -5 -77 24.5
      vertex -5 -75.426 14.3858
      vertex -5 -75.5646 14.4354
    endloop
  endfacet
  facet normal -1 0 0
    outer loop
      vertex -5 -77 24.5
      vertex -5 -75.5646 14.4354
      vertex -5 -75.7074 14.4712
    endloop
  endfacet
  facet normal -1 0 0
    outer loop
      vertex -5 -77 24.5
      vertex -5 -75.7074 14.4712
      vertex -5 -75.853 14.4928
    endloop
  endfacet
  facet normal -1 0 0
    outer loop
      vertex -5 -77 24.5
      vertex -5 -75.853 14.4928
      vertex -5 -76 14.5
    endloop
  endfacet
  facet normal -1 0 0
    outer loop
      vertex -5 -77 24.5
      vertex -5 -76 14.5
      vertex -5 -76.147 14.4928
    endloop
  endfacet
  facet normal -1 0 0
    outer loop
      vertex -5 -77 24.5
      vertex -5 -76.147 14.4928
      vertex -5 -76.2926 14.4712
    endloop
  endfacet
  facet normal -1 0 0
    outer loop
      vertex -5 -77 24.5
      vertex -5 -76.2926 14.4712
      vertex -5 -76.4354 14.4354
    endloop
  endfacet
  facet normal -1 0 0
    outer loop
      vertex -5 -77 24.5
      vertex -5 -76.4354 14.4354
      vertex -5 -76.574 14.3858
    endloop
  endfacet
  facet normal -1 0 0
    outer loop
      vertex -5 -74.8405 13.9516
      vertex -5 -77 24.5
      vertex -5 -53 24.5
    endloop
  endfacet
  facet normal -1 0 0
    outer loop
      vertex -5 -76.7071 14.3229
      vertex -5 -77 24.5
      vertex -5 -76.574 14.3858
    endloop
  endfacet
  facet normal -1 0 0
    outer loop
      vertex -5 -76.8334 14.2472
      vertex -5 -77 24.5
      vertex -5 -76.7071 14.3229
    endloop
  endfacet
  facet normal -1 0 0
    outer loop
      vertex -5 -76.9516 14.1595
      vertex -5 -77 24.5
      vertex -5 -76.8334 14.2472
    endloop
  endfacet
  facet normal -1 0 0
    outer loop
      vertex -5 -77.1595 13.9516
      vertex -5 -77 24.5
      vertex -5 -77.0607 14.0607
    endloop
  endfacet
  facet normal -1 0 0
    outer loop
      vertex -5 -77.0607 14.0607
      vertex -5 -77 24.5
      vertex -5 -76.9516 14.1595
    endloop
  endfacet
  facet normal 1 0 0
    outer loop
      vertex -0.5 -53 24.5
      vertex -0.5 -74.5072 13.147
      vertex -0.5 -74.5 13
    endloop
  endfacet
  facet normal 1 0 0
    outer loop
      vertex -0.5 -53 24.5
      vertex -0.5 -74.5288 13.2926
      vertex -0.5 -74.5072 13.147
    endloop
  endfacet
  facet normal 1 0 0
    outer loop
      vertex -0.5 -53 24.5
      vertex -0.5 -74.5646 13.4354
      vertex -0.5 -74.5288 13.2926
    endloop
  endfacet
  facet normal 1 0 0
    outer loop
      vertex -0.5 -53 24.5
      vertex -0.5 -74.6142 13.574
      vertex -0.5 -74.5646 13.4354
    endloop
  endfacet
  facet normal 1 0 0
    outer loop
      vertex -0.5 -53 24.5
      vertex -0.5 -74.6771 13.7071
      vertex -0.5 -74.6142 13.574
    endloop
  endfacet
  facet normal 1 0 0
    outer loop
      vertex -0.5 -53 24.5
      vertex -0.5 -74.7528 13.8334
      vertex -0.5 -74.6771 13.7071
    endloop
  endfacet
  facet normal 1 0 0
    outer loop
      vertex -0.5 -53 24.5
      vertex -0.5 -74.8405 13.9516
      vertex -0.5 -74.7528 13.8334
    endloop
  endfacet
  facet normal 1 -0 0
    outer loop
      vertex -0.5 -77 24.5
      vertex -0.5 -74.8405 13.9516
      vertex -0.5 -53 24.5
    endloop
  endfacet
  facet normal 1 0 0
    outer loop
      vertex -0.5 -74.8405 13.9516
      vertex -0.5 -77 24.5
      vertex -0.5 -74.9393 14.0607
    endloop
  endfacet
  facet normal 1 0 0
    outer loop
      vertex -0.5 -74.9393 14.0607
      vertex -0.5 -77 24.5
      vertex -0.5 -75.0484 14.1595
    endloop
  endfacet
  facet normal 1 0 0
    outer loop
      vertex -0.5 -75.0484 14.1595
      vertex -0.5 -77 24.5
      vertex -0.5 -75.1666 14.2472
    endloop
  endfacet
  facet normal 1 0 0
    outer loop
      vertex -0.5 -75.1666 14.2472
      vertex -0.5 -77 24.5
      vertex -0.5 -75.2929 14.3229
    endloop
  endfacet
  facet normal 1 0 0
    outer loop
      vertex -0.5 -75.2929 14.3229
      vertex -0.5 -77 24.5
      vertex -0.5 -75.426 14.3858
    endloop
  endfacet
  facet normal 1 0 0
    outer loop
      vertex -0.5 -75.426 14.3858
      vertex -0.5 -77 24.5
      vertex -0.5 -75.5646 14.4354
    endloop
  endfacet
  facet normal 1 0 0
    outer loop
      vertex -0.5 -75.5646 14.4354
      vertex -0.5 -77 24.5
      vertex -0.5 -75.7074 14.4712
    endloop
  endfacet
  facet normal 1 0 0
    outer loop
      vertex -0.5 -75.7074 14.4712
      vertex -0.5 -77 24.5
      vertex -0.5 -75.853 14.4928
    endloop
  endfacet
  facet normal 1 0 0
    outer loop
      vertex -0.5 -75.853 14.4928
      vertex -0.5 -77 24.5
      vertex -0.5 -76 14.5
    endloop
  endfacet
  facet normal 1 0 0
    outer loop
      vertex -0.5 -76 14.5
      vertex -0.5 -77 24.5
      vertex -0.5 -76.147 14.4928
    endloop
  endfacet
  facet normal 1 0 0
    outer loop
      vertex -0.5 -76.147 14.4928
      vertex -0.5 -77 24.5
      vertex -0.5 -76.2926 14.4712
    endloop
  endfacet
  facet normal 1 0 0
    outer loop
      vertex -0.5 -76.2926 14.4712
      vertex -0.5 -77 24.5
      vertex -0.5 -76.4354 14.4354
    endloop
  endfacet
  facet normal 1 0 0
    outer loop
      vertex -0.5 -76.4354 14.4354
      vertex -0.5 -77 24.5
      vertex -0.5 -76.574 14.3858
    endloop
  endfacet
  facet normal 1 0 0
    outer loop
      vertex -0.5 -77 24.5
      vertex -0.5 -76.7071 14.3229
      vertex -0.5 -76.574 14.3858
    endloop
  endfacet
  facet normal 1 0 0
    outer loop
      vertex -0.5 -77 24.5
      vertex -0.5 -76.8334 14.2472
      vertex -0.5 -76.7071 14.3229
    endloop
  endfacet
  facet normal 1 0 0
    outer loop
      vertex -0.5 -77 24.5
      vertex -0.5 -76.9516 14.1595
      vertex -0.5 -76.8334 14.2472
    endloop
  endfacet
  facet normal 1 0 0
    outer loop
      vertex -0.5 -76.9516 14.1595
      vertex -0.5 -77 24.5
      vertex -0.5 -77.0607 14.0607
    endloop
  endfacet
  facet normal 1 0 0
    outer loop
      vertex -0.5 -53 37.5
      vertex -0.5 -48.38 40
      vertex -0.5 -48.38 41.5
    endloop
  endfacet
  facet normal 1 0 0
    outer loop
      vertex -0.5 -48.38 40
      vertex -0.5 -50.0048 31.098
      vertex -0.5 -50 31
    endloop
  endfacet
  facet normal 1 0 0
    outer loop
      vertex -0.5 -48.38 40
      vertex -0.5 -50.0192 31.1951
      vertex -0.5 -50.0048 31.098
    endloop
  endfacet
  facet normal 1 0 0
    outer loop
      vertex -0.5 -48.38 40
      vertex -0.5 -50.0431 31.2903
      vertex -0.5 -50.0192 31.1951
    endloop
  endfacet
  facet normal 1 0 0
    outer loop
      vertex -0.5 -48.38 40
      vertex -0.5 -50.0761 31.3827
      vertex -0.5 -50.0431 31.2903
    endloop
  endfacet
  facet normal 1 0 0
    outer loop
      vertex -0.5 -48.38 40
      vertex -0.5 -50.1181 31.4714
      vertex -0.5 -50.0761 31.3827
    endloop
  endfacet
  facet normal 1 0 0
    outer loop
      vertex -0.5 -48.38 40
      vertex -0.5 -50.1685 31.5556
      vertex -0.5 -50.1181 31.4714
    endloop
  endfacet
  facet normal 1 0 0
    outer loop
      vertex -0.5 -48.38 40
      vertex -0.5 -50.227 31.6344
      vertex -0.5 -50.1685 31.5556
    endloop
  endfacet
  facet normal 1 0 0
    outer loop
      vertex -0.5 -48.38 40
      vertex -0.5 -50.2929 31.7071
      vertex -0.5 -50.227 31.6344
    endloop
  endfacet
  facet normal 1 0 0
    outer loop
      vertex -0.5 -48.38 40
      vertex -0.5 -50.3656 31.773
      vertex -0.5 -50.2929 31.7071
    endloop
  endfacet
  facet normal 1 0 0
    outer loop
      vertex -0.5 -48.38 40
      vertex -0.5 -50.4444 31.8315
      vertex -0.5 -50.3656 31.773
    endloop
  endfacet
  facet normal 1 0 0
    outer loop
      vertex -0.5 -48.38 40
      vertex -0.5 -50.5286 31.8819
      vertex -0.5 -50.4444 31.8315
    endloop
  endfacet
  facet normal 1 0 -0
    outer loop
      vertex -0.5 -50.6173 31.9239
      vertex -0.5 -48.38 40
      vertex -0.5 -53 37.5
    endloop
  endfacet
  facet normal 1 0 0
    outer loop
      vertex -0.5 -48.38 40
      vertex -0.5 -50.6173 31.9239
      vertex -0.5 -50.5286 31.8819
    endloop
  endfacet
  facet normal 1 0 0
    outer loop
      vertex -0.5 -50.6173 31.9239
      vertex -0.5 -53 37.5
      vertex -0.5 -50.7097 31.9569
    endloop
  endfacet
  facet normal 1 0 0
    outer loop
      vertex -0.5 -50.7097 31.9569
      vertex -0.5 -53 37.5
      vertex -0.5 -50.8049 31.9808
    endloop
  endfacet
  facet normal 1 0 0
    outer loop
      vertex -0.5 -50.8049 31.9808
      vertex -0.5 -53 37.5
      vertex -0.5 -50.902 31.9952
    endloop
  endfacet
  facet normal 1 0 0
    outer loop
      vertex -0.5 -50.902 31.9952
      vertex -0.5 -53 37.5
      vertex -0.5 -51 32
    endloop
  endfacet
  facet normal 1 0 0
    outer loop
      vertex -0.5 -51 32
      vertex -0.5 -53 37.5
      vertex -0.5 -51.098 31.9952
    endloop
  endfacet
  facet normal 1 0 0
    outer loop
      vertex -0.5 -51.098 31.9952
      vertex -0.5 -53 37.5
      vertex -0.5 -51.1951 31.9808
    endloop
  endfacet
  facet normal 1 0 0
    outer loop
      vertex -0.5 -51.1951 31.9808
      vertex -0.5 -53 37.5
      vertex -0.5 -51.2903 31.9569
    endloop
  endfacet
  facet normal 1 0 0
    outer loop
      vertex -0.5 -51.2903 31.9569
      vertex -0.5 -53 37.5
      vertex -0.5 -51.3827 31.9239
    endloop
  endfacet
  facet normal 1 0 0
    outer loop
      vertex -0.5 -51.3827 31.9239
      vertex -0.5 -53 37.5
      vertex -0.5 -51.4714 31.8819
    endloop
  endfacet
  facet normal 1 0 0
    outer loop
      vertex -0.5 -51.4714 31.8819
      vertex -0.5 -53 37.5
      vertex -0.5 -51.5556 31.8315
    endloop
  endfacet
  facet normal 1 0 0
    outer loop
      vertex -0.5 -51.5556 31.8315
      vertex -0.5 -53 37.5
      vertex -0.5 -51.6344 31.773
    endloop
  endfacet
  facet normal 1 0 0
    outer loop
      vertex -0.5 -51.6344 31.773
      vertex -0.5 -53 37.5
      vertex -0.5 -51.7071 31.7071
    endloop
  endfacet
  facet normal 1 0 0
    outer loop
      vertex -0.5 -51.7071 31.7071
      vertex -0.5 -53 37.5
      vertex -0.5 -51.773 31.6344
    endloop
  endfacet
  facet normal 1 0 0
    outer loop
      vertex -0.5 -51.773 31.6344
      vertex -0.5 -53 37.5
      vertex -0.5 -51.8315 31.5556
    endloop
  endfacet
  facet normal 1 0 0
    outer loop
      vertex -0.5 -51.8315 31.5556
      vertex -0.5 -53 37.5
      vertex -0.5 -51.8819 31.4714
    endloop
  endfacet
  facet normal 1 0 0
    outer loop
      vertex -0.5 -51.8819 31.4714
      vertex -0.5 -53 37.5
      vertex -0.5 -51.9239 31.3827
    endloop
  endfacet
  facet normal 1 0 0
    outer loop
      vertex -0.5 -51.9952 31.098
      vertex -0.5 -53 37.5
      vertex -0.5 -52 31
    endloop
  endfacet
  facet normal 1 0 0
    outer loop
      vertex -0.5 -51.9808 31.1951
      vertex -0.5 -53 37.5
      vertex -0.5 -51.9952 31.098
    endloop
  endfacet
  facet normal 1 0 0
    outer loop
      vertex -0.5 -51.9569 31.2903
      vertex -0.5 -53 37.5
      vertex -0.5 -51.9808 31.1951
    endloop
  endfacet
  facet normal 1 0 0
    outer loop
      vertex -0.5 -51.9239 31.3827
      vertex -0.5 -53 37.5
      vertex -0.5 -51.9569 31.2903
    endloop
  endfacet
  facet normal 1 -0 0
    outer loop
      vertex -0.5 -81 41.5
      vertex -0.5 -53 37.5
      vertex -0.5 -48.38 41.5
    endloop
  endfacet
  facet normal 1 -0 0
    outer loop
      vertex -0.5 -78 31
      vertex -0.5 -77 24.5
      vertex -0.5 -77 37.5
    endloop
  endfacet
  facet normal 1 -0 0
    outer loop
      vertex -0.5 -78.0192 30.8049
      vertex -0.5 -77 24.5
      vertex -0.5 -78.0048 30.902
    endloop
  endfacet
  facet normal 1 -0 0
    outer loop
      vertex -0.5 -78.0431 30.7097
      vertex -0.5 -77 24.5
      vertex -0.5 -78.0192 30.8049
    endloop
  endfacet
  facet normal 1 -0 0
    outer loop
      vertex -0.5 -78.0761 30.6173
      vertex -0.5 -77 24.5
      vertex -0.5 -78.0431 30.7097
    endloop
  endfacet
  facet normal 1 -0 0
    outer loop
      vertex -0.5 -78.1181 30.5286
      vertex -0.5 -77 24.5
      vertex -0.5 -78.0761 30.6173
    endloop
  endfacet
  facet normal 1 -0 0
    outer loop
      vertex -0.5 -78.1685 30.4444
      vertex -0.5 -77 24.5
      vertex -0.5 -78.1181 30.5286
    endloop
  endfacet
  facet normal 1 -0 0
    outer loop
      vertex -0.5 -78.227 30.3656
      vertex -0.5 -77 24.5
      vertex -0.5 -78.1685 30.4444
    endloop
  endfacet
  facet normal 1 -0 0
    outer loop
      vertex -0.5 -78.2929 30.2929
      vertex -0.5 -77 24.5
      vertex -0.5 -78.227 30.3656
    endloop
  endfacet
  facet normal 1 -0 0
    outer loop
      vertex -0.5 -78.3656 30.227
      vertex -0.5 -77 24.5
      vertex -0.5 -78.2929 30.2929
    endloop
  endfacet
  facet normal 1 0 0
    outer loop
      vertex -0.5 -77 24.5
      vertex -0.5 -78 31
      vertex -0.5 -78.0048 30.902
    endloop
  endfacet
  facet normal 1 0 0
    outer loop
      vertex -0.5 -77 37.5
      vertex -0.5 -78.0048 31.098
      vertex -0.5 -78 31
    endloop
  endfacet
  facet normal 1 0 0
    outer loop
      vertex -0.5 -77 37.5
      vertex -0.5 -78.0192 31.1951
      vertex -0.5 -78.0048 31.098
    endloop
  endfacet
  facet normal 1 0 0
    outer loop
      vertex -0.5 -77 37.5
      vertex -0.5 -78.0431 31.2903
      vertex -0.5 -78.0192 31.1951
    endloop
  endfacet
  facet normal 1 0 0
    outer loop
      vertex -0.5 -77 37.5
      vertex -0.5 -78.0761 31.3827
      vertex -0.5 -78.0431 31.2903
    endloop
  endfacet
  facet normal 1 0 0
    outer loop
      vertex -0.5 -77 37.5
      vertex -0.5 -78.1181 31.4714
      vertex -0.5 -78.0761 31.3827
    endloop
  endfacet
  facet normal 1 0 0
    outer loop
      vertex -0.5 -77 37.5
      vertex -0.5 -78.1685 31.5556
      vertex -0.5 -78.1181 31.4714
    endloop
  endfacet
  facet normal 1 0 0
    outer loop
      vertex -0.5 -77 37.5
      vertex -0.5 -78.227 31.6344
      vertex -0.5 -78.1685 31.5556
    endloop
  endfacet
  facet normal 1 0 0
    outer loop
      vertex -0.5 -77 37.5
      vertex -0.5 -78.2929 31.7071
      vertex -0.5 -78.227 31.6344
    endloop
  endfacet
  facet normal 1 0 0
    outer loop
      vertex -0.5 -77 37.5
      vertex -0.5 -78.3656 31.773
      vertex -0.5 -78.2929 31.7071
    endloop
  endfacet
  facet normal 1 0 0
    outer loop
      vertex -0.5 -77 37.5
      vertex -0.5 -78.4444 31.8315
      vertex -0.5 -78.3656 31.773
    endloop
  endfacet
  facet normal 1 0 0
    outer loop
      vertex -0.5 -77 37.5
      vertex -0.5 -78.5286 31.8819
      vertex -0.5 -78.4444 31.8315
    endloop
  endfacet
  facet normal 1 0 0
    outer loop
      vertex -0.5 -77 37.5
      vertex -0.5 -78.6173 31.9239
      vertex -0.5 -78.5286 31.8819
    endloop
  endfacet
  facet normal 1 0 0
    outer loop
      vertex -0.5 -77 37.5
      vertex -0.5 -78.7097 31.9569
      vertex -0.5 -78.6173 31.9239
    endloop
  endfacet
  facet normal 1 0 0
    outer loop
      vertex -0.5 -77 37.5
      vertex -0.5 -78.8049 31.9808
      vertex -0.5 -78.7097 31.9569
    endloop
  endfacet
  facet normal 1 0 0
    outer loop
      vertex -0.5 -77 37.5
      vertex -0.5 -78.902 31.9952
      vertex -0.5 -78.8049 31.9808
    endloop
  endfacet
  facet normal 1 0 0
    outer loop
      vertex -0.5 -77 37.5
      vertex -0.5 -79 32
      vertex -0.5 -78.902 31.9952
    endloop
  endfacet
  facet normal 1 0 0
    outer loop
      vertex -0.5 -77 37.5
      vertex -0.5 -79.098 31.9952
      vertex -0.5 -79 32
    endloop
  endfacet
  facet normal 1 0 0
    outer loop
      vertex -0.5 -77 37.5
      vertex -0.5 -79.1951 31.9808
      vertex -0.5 -79.098 31.9952
    endloop
  endfacet
  facet normal 1 0 0
    outer loop
      vertex -0.5 -77 37.5
      vertex -0.5 -79.2903 31.9569
      vertex -0.5 -79.1951 31.9808
    endloop
  endfacet
  facet normal 1 0 0
    outer loop
      vertex -0.5 -77 37.5
      vertex -0.5 -79.3827 31.9239
      vertex -0.5 -79.2903 31.9569
    endloop
  endfacet
  facet normal 1 0 0
    outer loop
      vertex -0.5 -77 37.5
      vertex -0.5 -79.4714 31.8819
      vertex -0.5 -79.3827 31.9239
    endloop
  endfacet
  facet normal 1 0 0
    outer loop
      vertex -0.5 -81 41.5
      vertex -0.5 -79.4714 31.8819
      vertex -0.5 -77 37.5
    endloop
  endfacet
  facet normal 1 0 0
    outer loop
      vertex -0.5 -79.4714 31.8819
      vertex -0.5 -81 41.5
      vertex -0.5 -79.5556 31.8315
    endloop
  endfacet
  facet normal 1 0 0
    outer loop
      vertex -0.5 -79.5556 31.8315
      vertex -0.5 -81 41.5
      vertex -0.5 -79.6344 31.773
    endloop
  endfacet
  facet normal 1 0 0
    outer loop
      vertex -0.5 -79.6344 31.773
      vertex -0.5 -81 41.5
      vertex -0.5 -79.7071 31.7071
    endloop
  endfacet
  facet normal 1 0 0
    outer loop
      vertex -0.5 -79.7071 31.7071
      vertex -0.5 -81 41.5
      vertex -0.5 -79.773 31.6344
    endloop
  endfacet
  facet normal 1 0 0
    outer loop
      vertex -0.5 -79.773 31.6344
      vertex -0.5 -81 41.5
      vertex -0.5 -79.8315 31.5556
    endloop
  endfacet
  facet normal 1 0 0
    outer loop
      vertex -0.5 -79.9952 31.098
      vertex -0.5 -81 41.5
      vertex -0.5 -80 31
    endloop
  endfacet
  facet normal 1 0 0
    outer loop
      vertex -0.5 -79.9808 31.1951
      vertex -0.5 -81 41.5
      vertex -0.5 -79.9952 31.098
    endloop
  endfacet
  facet normal 1 0 0
    outer loop
      vertex -0.5 -79.9569 31.2903
      vertex -0.5 -81 41.5
      vertex -0.5 -79.9808 31.1951
    endloop
  endfacet
  facet normal 1 0 0
    outer loop
      vertex -0.5 -79.9239 31.3827
      vertex -0.5 -81 41.5
      vertex -0.5 -79.9569 31.2903
    endloop
  endfacet
  facet normal 1 0 0
    outer loop
      vertex -0.5 -79.8819 31.4714
      vertex -0.5 -81 41.5
      vertex -0.5 -79.9239 31.3827
    endloop
  endfacet
  facet normal 1 0 0
    outer loop
      vertex -0.5 -79.8315 31.5556
      vertex -0.5 -81 41.5
      vertex -0.5 -79.8819 31.4714
    endloop
  endfacet
  facet normal 1 0 0
    outer loop
      vertex -0.5 -53 37.5
      vertex -0.5 -81 41.5
      vertex -0.5 -77 37.5
    endloop
  endfacet
  facet normal 1 0 0
    outer loop
      vertex -0.5 -40 19.8
      vertex -0.5 -46 5.2
      vertex -0.5 -40 0
    endloop
  endfacet
  facet normal 1 -0 0
    outer loop
      vertex -0.5 -50 31
      vertex -0.5 -40 19.8
      vertex -0.5 -48.38 40
    endloop
  endfacet
  facet normal 1 0 0
    outer loop
      vertex -0.5 -40 19.8
      vertex -0.5 -50 31
      vertex -0.5 -50.0048 30.902
    endloop
  endfacet
  facet normal 1 -0 0
    outer loop
      vertex -0.5 -50.0192 30.8049
      vertex -0.5 -40 19.8
      vertex -0.5 -50.0048 30.902
    endloop
  endfacet
  facet normal 1 -0 0
    outer loop
      vertex -0.5 -50.0431 30.7097
      vertex -0.5 -40 19.8
      vertex -0.5 -50.0192 30.8049
    endloop
  endfacet
  facet normal 1 -0 0
    outer loop
      vertex -0.5 -50.0761 30.6173
      vertex -0.5 -40 19.8
      vertex -0.5 -50.0431 30.7097
    endloop
  endfacet
  facet normal 1 -0 0
    outer loop
      vertex -0.5 -50.1181 30.5286
      vertex -0.5 -40 19.8
      vertex -0.5 -50.0761 30.6173
    endloop
  endfacet
  facet normal 1 -0 0
    outer loop
      vertex -0.5 -50.1685 30.4444
      vertex -0.5 -40 19.8
      vertex -0.5 -50.1181 30.5286
    endloop
  endfacet
  facet normal 1 -0 0
    outer loop
      vertex -0.5 -50.227 30.3656
      vertex -0.5 -40 19.8
      vertex -0.5 -50.1685 30.4444
    endloop
  endfacet
  facet normal 1 -0 0
    outer loop
      vertex -0.5 -50.2929 30.2929
      vertex -0.5 -40 19.8
      vertex -0.5 -50.227 30.3656
    endloop
  endfacet
  facet normal 1 -0 0
    outer loop
      vertex -0.5 -50.3656 30.227
      vertex -0.5 -40 19.8
      vertex -0.5 -50.2929 30.2929
    endloop
  endfacet
  facet normal 1 0 0
    outer loop
      vertex -0.5 -40 19.8
      vertex -0.5 -50.3656 30.227
      vertex -0.5 -53 24.5
    endloop
  endfacet
  facet normal 1 0 0
    outer loop
      vertex -0.5 -53 24.5
      vertex -0.5 -50.3656 30.227
      vertex -0.5 -50.4444 30.1685
    endloop
  endfacet
  facet normal 1 0 0
    outer loop
      vertex -0.5 -53 24.5
      vertex -0.5 -50.4444 30.1685
      vertex -0.5 -50.5286 30.1181
    endloop
  endfacet
  facet normal 1 0 0
    outer loop
      vertex -0.5 -53 24.5
      vertex -0.5 -50.5286 30.1181
      vertex -0.5 -50.6173 30.0761
    endloop
  endfacet
  facet normal 1 0 0
    outer loop
      vertex -0.5 -53 24.5
      vertex -0.5 -50.6173 30.0761
      vertex -0.5 -50.7097 30.0431
    endloop
  endfacet
  facet normal 1 0 0
    outer loop
      vertex -0.5 -53 24.5
      vertex -0.5 -50.7097 30.0431
      vertex -0.5 -50.8049 30.0192
    endloop
  endfacet
  facet normal 1 0 0
    outer loop
      vertex -0.5 -53 24.5
      vertex -0.5 -50.8049 30.0192
      vertex -0.5 -50.902 30.0048
    endloop
  endfacet
  facet normal 1 0 0
    outer loop
      vertex -0.5 -53 24.5
      vertex -0.5 -50.902 30.0048
      vertex -0.5 -51 30
    endloop
  endfacet
  facet normal 1 0 0
    outer loop
      vertex -0.5 -53 24.5
      vertex -0.5 -51 30
      vertex -0.5 -51.098 30.0048
    endloop
  endfacet
  facet normal 1 0 0
    outer loop
      vertex -0.5 -53 24.5
      vertex -0.5 -51.098 30.0048
      vertex -0.5 -51.1951 30.0192
    endloop
  endfacet
  facet normal 1 0 0
    outer loop
      vertex -0.5 -53 24.5
      vertex -0.5 -51.1951 30.0192
      vertex -0.5 -51.2903 30.0431
    endloop
  endfacet
  facet normal 1 0 0
    outer loop
      vertex -0.5 -53 24.5
      vertex -0.5 -51.2903 30.0431
      vertex -0.5 -51.3827 30.0761
    endloop
  endfacet
  facet normal 1 0 0
    outer loop
      vertex -0.5 -53 24.5
      vertex -0.5 -51.3827 30.0761
      vertex -0.5 -51.4714 30.1181
    endloop
  endfacet
  facet normal 1 0 0
    outer loop
      vertex -0.5 -53 24.5
      vertex -0.5 -51.4714 30.1181
      vertex -0.5 -51.5556 30.1685
    endloop
  endfacet
  facet normal 1 0 0
    outer loop
      vertex -0.5 -53 24.5
      vertex -0.5 -51.5556 30.1685
      vertex -0.5 -51.6344 30.227
    endloop
  endfacet
  facet normal 1 0 0
    outer loop
      vertex -0.5 -53 24.5
      vertex -0.5 -51.6344 30.227
      vertex -0.5 -51.7071 30.2929
    endloop
  endfacet
  facet normal 1 0 0
    outer loop
      vertex -0.5 -53 24.5
      vertex -0.5 -51.7071 30.2929
      vertex -0.5 -51.773 30.3656
    endloop
  endfacet
  facet normal 1 0 0
    outer loop
      vertex -0.5 -53 24.5
      vertex -0.5 -51.773 30.3656
      vertex -0.5 -51.8315 30.4444
    endloop
  endfacet
  facet normal 1 0 0
    outer loop
      vertex -0.5 -53 24.5
      vertex -0.5 -51.8315 30.4444
      vertex -0.5 -51.8819 30.5286
    endloop
  endfacet
  facet normal 1 0 0
    outer loop
      vertex -0.5 -53 24.5
      vertex -0.5 -51.8819 30.5286
      vertex -0.5 -51.9239 30.6173
    endloop
  endfacet
  facet normal 1 0 0
    outer loop
      vertex -0.5 -53 24.5
      vertex -0.5 -51.9239 30.6173
      vertex -0.5 -51.9569 30.7097
    endloop
  endfacet
  facet normal 1 0 0
    outer loop
      vertex -0.5 -53 24.5
      vertex -0.5 -51.9569 30.7097
      vertex -0.5 -51.9808 30.8049
    endloop
  endfacet
  facet normal 1 0 0
    outer loop
      vertex -0.5 -53 24.5
      vertex -0.5 -52 31
      vertex -0.5 -53 37.5
    endloop
  endfacet
  facet normal 1 0 0
    outer loop
      vertex -0.5 -52 31
      vertex -0.5 -53 24.5
      vertex -0.5 -51.9952 30.902
    endloop
  endfacet
  facet normal 1 0 0
    outer loop
      vertex -0.5 -51.9952 30.902
      vertex -0.5 -53 24.5
      vertex -0.5 -51.9808 30.8049
    endloop
  endfacet
  facet normal 1 0 0
    outer loop
      vertex -0.5 -40 19.8
      vertex -0.5 -53 24.5
      vertex -0.5 -46 5.2
    endloop
  endfacet
  facet normal 1 0 0
    outer loop
      vertex -0.5 -74.5072 12.853
      vertex -0.5 -53 24.5
      vertex -0.5 -74.5 13
    endloop
  endfacet
  facet normal 1 0 0
    outer loop
      vertex -0.5 -53 24.5
      vertex -0.5 -74.5072 12.853
      vertex -0.5 -46 5.2
    endloop
  endfacet
  facet normal 1 -0 0
    outer loop
      vertex -0.5 -74.5288 12.7074
      vertex -0.5 -46 5.2
      vertex -0.5 -74.5072 12.853
    endloop
  endfacet
  facet normal 1 -0 0
    outer loop
      vertex -0.5 -74.5646 12.5646
      vertex -0.5 -46 5.2
      vertex -0.5 -74.5288 12.7074
    endloop
  endfacet
  facet normal 1 -0 0
    outer loop
      vertex -0.5 -74.6142 12.426
      vertex -0.5 -46 5.2
      vertex -0.5 -74.5646 12.5646
    endloop
  endfacet
  facet normal 1 -0 0
    outer loop
      vertex -0.5 -74.6771 12.2929
      vertex -0.5 -46 5.2
      vertex -0.5 -74.6142 12.426
    endloop
  endfacet
  facet normal 1 -0 0
    outer loop
      vertex -0.5 -74.7528 12.1666
      vertex -0.5 -46 5.2
      vertex -0.5 -74.6771 12.2929
    endloop
  endfacet
  facet normal 1 -0 0
    outer loop
      vertex -0.5 -74.8405 12.0484
      vertex -0.5 -46 5.2
      vertex -0.5 -74.7528 12.1666
    endloop
  endfacet
  facet normal 1 -0 0
    outer loop
      vertex -0.5 -74.9393 11.9393
      vertex -0.5 -46 5.2
      vertex -0.5 -74.8405 12.0484
    endloop
  endfacet
  facet normal 1 -0 0
    outer loop
      vertex -0.5 -75.0484 11.8405
      vertex -0.5 -46 5.2
      vertex -0.5 -74.9393 11.9393
    endloop
  endfacet
  facet normal 1 -0 0
    outer loop
      vertex -0.5 -75.1666 11.7528
      vertex -0.5 -46 5.2
      vertex -0.5 -75.0484 11.8405
    endloop
  endfacet
  facet normal 1 0 0
    outer loop
      vertex -0.5 -81 5.2
      vertex -0.5 -75.1666 11.7528
      vertex -0.5 -75.2929 11.6771
    endloop
  endfacet
  facet normal 1 0 0
    outer loop
      vertex -0.5 -81 5.2
      vertex -0.5 -75.2929 11.6771
      vertex -0.5 -75.426 11.6142
    endloop
  endfacet
  facet normal 1 0 0
    outer loop
      vertex -0.5 -81 5.2
      vertex -0.5 -75.426 11.6142
      vertex -0.5 -75.5646 11.5646
    endloop
  endfacet
  facet normal 1 0 0
    outer loop
      vertex -0.5 -81 5.2
      vertex -0.5 -75.5646 11.5646
      vertex -0.5 -75.7074 11.5288
    endloop
  endfacet
  facet normal 1 0 0
    outer loop
      vertex -0.5 -81 5.2
      vertex -0.5 -75.7074 11.5288
      vertex -0.5 -75.853 11.5072
    endloop
  endfacet
  facet normal 1 0 0
    outer loop
      vertex -0.5 -81 5.2
      vertex -0.5 -75.853 11.5072
      vertex -0.5 -76 11.5
    endloop
  endfacet
  facet normal 1 0 0
    outer loop
      vertex -0.5 -81 5.2
      vertex -0.5 -76 11.5
      vertex -0.5 -76.147 11.5072
    endloop
  endfacet
  facet normal 1 0 0
    outer loop
      vertex -0.5 -81 5.2
      vertex -0.5 -76.147 11.5072
      vertex -0.5 -76.2926 11.5288
    endloop
  endfacet
  facet normal 1 -0 0
    outer loop
      vertex -0.5 -78.4444 30.1685
      vertex -0.5 -77 24.5
      vertex -0.5 -78.3656 30.227
    endloop
  endfacet
  facet normal 1 -0 0
    outer loop
      vertex -0.5 -78.5286 30.1181
      vertex -0.5 -77 24.5
      vertex -0.5 -78.4444 30.1685
    endloop
  endfacet
  facet normal 1 -0 0
    outer loop
      vertex -0.5 -78.6173 30.0761
      vertex -0.5 -77 24.5
      vertex -0.5 -78.5286 30.1181
    endloop
  endfacet
  facet normal 1 -0 0
    outer loop
      vertex -0.5 -78.7097 30.0431
      vertex -0.5 -77 24.5
      vertex -0.5 -78.6173 30.0761
    endloop
  endfacet
  facet normal 1 -0 0
    outer loop
      vertex -0.5 -78.8049 30.0192
      vertex -0.5 -77 24.5
      vertex -0.5 -78.7097 30.0431
    endloop
  endfacet
  facet normal 1 -0 0
    outer loop
      vertex -0.5 -78.902 30.0048
      vertex -0.5 -77 24.5
      vertex -0.5 -78.8049 30.0192
    endloop
  endfacet
  facet normal 1 -0 0
    outer loop
      vertex -0.5 -79 30
      vertex -0.5 -77 24.5
      vertex -0.5 -78.902 30.0048
    endloop
  endfacet
  facet normal 1 0 0
    outer loop
      vertex -0.5 -79.098 30.0048
      vertex -0.5 -77 24.5
      vertex -0.5 -79 30
    endloop
  endfacet
  facet normal 1 0 0
    outer loop
      vertex -0.5 -79.1951 30.0192
      vertex -0.5 -77 24.5
      vertex -0.5 -79.098 30.0048
    endloop
  endfacet
  facet normal 1 0 0
    outer loop
      vertex -0.5 -79.2903 30.0431
      vertex -0.5 -77 24.5
      vertex -0.5 -79.1951 30.0192
    endloop
  endfacet
  facet normal 1 0 0
    outer loop
      vertex -0.5 -79.3827 30.0761
      vertex -0.5 -77 24.5
      vertex -0.5 -79.2903 30.0431
    endloop
  endfacet
  facet normal 1 0 0
    outer loop
      vertex -0.5 -79.4714 30.1181
      vertex -0.5 -77 24.5
      vertex -0.5 -79.3827 30.0761
    endloop
  endfacet
  facet normal 1 0 0
    outer loop
      vertex -0.5 -79.5556 30.1685
      vertex -0.5 -77 24.5
      vertex -0.5 -79.4714 30.1181
    endloop
  endfacet
  facet normal 1 0 0
    outer loop
      vertex -0.5 -77 24.5
      vertex -0.5 -77.1595 13.9516
      vertex -0.5 -77.0607 14.0607
    endloop
  endfacet
  facet normal 1 0 0
    outer loop
      vertex -0.5 -79.6344 30.227
      vertex -0.5 -77 24.5
      vertex -0.5 -79.5556 30.1685
    endloop
  endfacet
  facet normal 1 0 0
    outer loop
      vertex -0.5 -77 24.5
      vertex -0.5 -77.2472 13.8334
      vertex -0.5 -77.1595 13.9516
    endloop
  endfacet
  facet normal 1 0 0
    outer loop
      vertex -0.5 -79.7071 30.2929
      vertex -0.5 -77 24.5
      vertex -0.5 -79.6344 30.227
    endloop
  endfacet
  facet normal 1 0 0
    outer loop
      vertex -0.5 -77 24.5
      vertex -0.5 -77.3229 13.7071
      vertex -0.5 -77.2472 13.8334
    endloop
  endfacet
  facet normal 1 0 0
    outer loop
      vertex -0.5 -79.773 30.3656
      vertex -0.5 -77 24.5
      vertex -0.5 -79.7071 30.2929
    endloop
  endfacet
  facet normal 1 0 0
    outer loop
      vertex -0.5 -79.8315 30.4444
      vertex -0.5 -77 24.5
      vertex -0.5 -79.773 30.3656
    endloop
  endfacet
  facet normal 1 0 0
    outer loop
      vertex -0.5 -77 24.5
      vertex -0.5 -77.3858 13.574
      vertex -0.5 -77.3229 13.7071
    endloop
  endfacet
  facet normal 1 0 0
    outer loop
      vertex -0.5 -77 24.5
      vertex -0.5 -79.8315 30.4444
      vertex -0.5 -77.3858 13.574
    endloop
  endfacet
  facet normal 1 0 0
    outer loop
      vertex -0.5 -77.3858 13.574
      vertex -0.5 -79.8315 30.4444
      vertex -0.5 -77.4354 13.4354
    endloop
  endfacet
  facet normal 1 0 0
    outer loop
      vertex -0.5 -79.8819 30.5286
      vertex -0.5 -77.4354 13.4354
      vertex -0.5 -79.8315 30.4444
    endloop
  endfacet
  facet normal 1 0 0
    outer loop
      vertex -0.5 -77.4354 13.4354
      vertex -0.5 -79.8819 30.5286
      vertex -0.5 -77.4712 13.2926
    endloop
  endfacet
  facet normal 1 0 0
    outer loop
      vertex -0.5 -81 5.2
      vertex -0.5 -77.4712 13.2926
      vertex -0.5 -79.8819 30.5286
    endloop
  endfacet
  facet normal 1 0 0
    outer loop
      vertex -0.5 -77.4712 13.2926
      vertex -0.5 -81 5.2
      vertex -0.5 -77.4928 13.147
    endloop
  endfacet
  facet normal 1 0 0
    outer loop
      vertex -0.5 -77.4928 13.147
      vertex -0.5 -81 5.2
      vertex -0.5 -77.5 13
    endloop
  endfacet
  facet normal 1 0 0
    outer loop
      vertex -0.5 -81 5.2
      vertex -0.5 -79.8819 30.5286
      vertex -0.5 -79.9239 30.6173
    endloop
  endfacet
  facet normal 1 0 0
    outer loop
      vertex -0.5 -81 5.2
      vertex -0.5 -79.9239 30.6173
      vertex -0.5 -79.9569 30.7097
    endloop
  endfacet
  facet normal 1 0 0
    outer loop
      vertex -0.5 -81 5.2
      vertex -0.5 -79.9569 30.7097
      vertex -0.5 -79.9808 30.8049
    endloop
  endfacet
  facet normal 1 0 0
    outer loop
      vertex -0.5 -81 5.2
      vertex -0.5 -79.9808 30.8049
      vertex -0.5 -79.9952 30.902
    endloop
  endfacet
  facet normal 1 0 0
    outer loop
      vertex -0.5 -81 41.5
      vertex -0.5 -79.9952 30.902
      vertex -0.5 -80 31
    endloop
  endfacet
  facet normal 1 0 0
    outer loop
      vertex -0.5 -75.1666 11.7528
      vertex -0.5 -81 5.2
      vertex -0.5 -46 5.2
    endloop
  endfacet
  facet normal 1 0 0
    outer loop
      vertex -0.5 -76.4354 11.5646
      vertex -0.5 -81 5.2
      vertex -0.5 -76.2926 11.5288
    endloop
  endfacet
  facet normal 1 0 0
    outer loop
      vertex -0.5 -76.574 11.6142
      vertex -0.5 -81 5.2
      vertex -0.5 -76.4354 11.5646
    endloop
  endfacet
  facet normal 1 0 0
    outer loop
      vertex -0.5 -76.7071 11.6771
      vertex -0.5 -81 5.2
      vertex -0.5 -76.574 11.6142
    endloop
  endfacet
  facet normal 1 0 0
    outer loop
      vertex -0.5 -76.8334 11.7528
      vertex -0.5 -81 5.2
      vertex -0.5 -76.7071 11.6771
    endloop
  endfacet
  facet normal 1 0 0
    outer loop
      vertex -0.5 -76.9516 11.8405
      vertex -0.5 -81 5.2
      vertex -0.5 -76.8334 11.7528
    endloop
  endfacet
  facet normal 1 0 0
    outer loop
      vertex -0.5 -77.0607 11.9393
      vertex -0.5 -81 5.2
      vertex -0.5 -76.9516 11.8405
    endloop
  endfacet
  facet normal 1 0 0
    outer loop
      vertex -0.5 -77.1595 12.0484
      vertex -0.5 -81 5.2
      vertex -0.5 -77.0607 11.9393
    endloop
  endfacet
  facet normal 1 0 0
    outer loop
      vertex -0.5 -77.2472 12.1666
      vertex -0.5 -81 5.2
      vertex -0.5 -77.1595 12.0484
    endloop
  endfacet
  facet normal 1 0 0
    outer loop
      vertex -0.5 -77.3229 12.2929
      vertex -0.5 -81 5.2
      vertex -0.5 -77.2472 12.1666
    endloop
  endfacet
  facet normal 1 0 0
    outer loop
      vertex -0.5 -77.3858 12.426
      vertex -0.5 -81 5.2
      vertex -0.5 -77.3229 12.2929
    endloop
  endfacet
  facet normal 1 0 0
    outer loop
      vertex -0.5 -77.4354 12.5646
      vertex -0.5 -81 5.2
      vertex -0.5 -77.3858 12.426
    endloop
  endfacet
  facet normal 1 0 0
    outer loop
      vertex -0.5 -77.4712 12.7074
      vertex -0.5 -81 5.2
      vertex -0.5 -77.4354 12.5646
    endloop
  endfacet
  facet normal 1 0 0
    outer loop
      vertex -0.5 -77.4928 12.853
      vertex -0.5 -81 5.2
      vertex -0.5 -77.4712 12.7074
    endloop
  endfacet
  facet normal 1 0 0
    outer loop
      vertex -0.5 -77.5 13
      vertex -0.5 -81 5.2
      vertex -0.5 -77.4928 12.853
    endloop
  endfacet
  facet normal 1 0 0
    outer loop
      vertex -0.5 -81 5.2
      vertex -0.5 -79.9952 30.902
      vertex -0.5 -81 41.5
    endloop
  endfacet
  facet normal 1 0 0
    outer loop
      vertex -0.5 -11 0
      vertex -0.5 -1 4
      vertex -0.5 -11 4
    endloop
  endfacet
  facet normal 1 0 0
    outer loop
      vertex -0.5 -1 4
      vertex -0.5 -11 0
      vertex -0.5 -1 -6
    endloop
  endfacet
  facet normal 1 -0 0
    outer loop
      vertex -0.5 -40 0
      vertex -0.5 -1 -6
      vertex -0.5 -11 0
    endloop
  endfacet
  facet normal 1 0 0
    outer loop
      vertex -0.5 -46 0
      vertex -0.5 -40 0
      vertex -0.5 -46 5.2
    endloop
  endfacet
  facet normal 1 0 0
    outer loop
      vertex -0.5 -81 -6
      vertex -0.5 -40 0
      vertex -0.5 -46 0
    endloop
  endfacet
  facet normal 1 0 0
    outer loop
      vertex -0.5 -81 -6
      vertex -0.5 -46 0
      vertex -0.5 -81 0
    endloop
  endfacet
  facet normal 1 0 0
    outer loop
      vertex -0.5 -40 0
      vertex -0.5 -81 -6
      vertex -0.5 -1 -6
    endloop
  endfacet
  facet normal -0 0 1
    outer loop
      vertex -5 -1 8
      vertex 35 -11 8
      vertex 35 -1 8
    endloop
  endfacet
  facet normal 0 0 1
    outer loop
      vertex 35 -11 8
      vertex -5 -1 8
      vertex -5 -11 8
    endloop
  endfacet
  facet normal 0 -1 0
    outer loop
      vertex -5 -11 8
      vertex -0.5 -11 4
      vertex 35 -11 8
    endloop
  endfacet
  facet normal 0 -1 0
    outer loop
      vertex -5 -11 0
      vertex -0.5 -11 4
      vertex -5 -11 8
    endloop
  endfacet
  facet normal 0 -1 -0
    outer loop
      vertex -0.5 -11 4
      vertex -5 -11 0
      vertex -0.5 -11 0
    endloop
  endfacet
  facet normal 0 -1 0
    outer loop
      vertex 30.5 -11 4
      vertex 35 -11 8
      vertex -0.5 -11 4
    endloop
  endfacet
  facet normal 0 -1 0
    outer loop
      vertex 35 -11 0
      vertex 30.5 -11 4
      vertex 30.5 -11 0
    endloop
  endfacet
  facet normal 0 -1 0
    outer loop
      vertex 30.5 -11 4
      vertex 35 -11 0
      vertex 35 -11 8
    endloop
  endfacet
  facet normal -0 0 1
    outer loop
      vertex -5 -11 0
      vertex -0.5 -40 0
      vertex -0.5 -11 0
    endloop
  endfacet
  facet normal 0 0 1
    outer loop
      vertex -0.5 -40 0
      vertex -5 -11 0
      vertex -5 -40 0
    endloop
  endfacet
  facet normal 0 1 -0
    outer loop
      vertex -0.5 -40 0
      vertex -5 -40 19.8
      vertex -0.5 -40 19.8
    endloop
  endfacet
  facet normal 0 1 0
    outer loop
      vertex -5 -40 19.8
      vertex -0.5 -40 0
      vertex -5 -40 0
    endloop
  endfacet
  facet normal 0 0.923671 0.383186
    outer loop
      vertex -0.5 -40 19.8
      vertex -5 -48.38 40
      vertex -0.5 -48.38 40
    endloop
  endfacet
  facet normal 0 0.923671 0.383186
    outer loop
      vertex -5 -48.38 40
      vertex -0.5 -40 19.8
      vertex -5 -40 19.8
    endloop
  endfacet
  facet normal 0 1 -0
    outer loop
      vertex -0.5 -48.38 40
      vertex -5 -48.38 41.5
      vertex -0.5 -48.38 41.5
    endloop
  endfacet
  facet normal 0 1 0
    outer loop
      vertex -5 -48.38 41.5
      vertex -0.5 -48.38 40
      vertex -5 -48.38 40
    endloop
  endfacet
  facet normal 0 0 1
    outer loop
      vertex -0.5 -48.38 41.5
      vertex -5 -48.38 41.5
      vertex -0.5 -81 41.5
    endloop
  endfacet
  facet normal 0 0 1
    outer loop
      vertex 30.5 -81 41.5
      vertex 35 -77 41.5
      vertex 30.5 -77 41.5
    endloop
  endfacet
  facet normal 0 0 1
    outer loop
      vertex 35 -77 41.5
      vertex 30.5 -81 41.5
      vertex 35 -86 41.5
    endloop
  endfacet
  facet normal -0 0 1
    outer loop
      vertex -0.5 -81 41.5
      vertex 35 -86 41.5
      vertex 30.5 -81 41.5
    endloop
  endfacet
  facet normal 0 0 1
    outer loop
      vertex -0.5 -81 41.5
      vertex -5 -86 41.5
      vertex 35 -86 41.5
    endloop
  endfacet
  facet normal 0 0 1
    outer loop
      vertex -5 -86 41.5
      vertex -0.5 -81 41.5
      vertex -5 -48.38 41.5
    endloop
  endfacet
  facet normal 0 -1 0
    outer loop
      vertex -5 -86 -6
      vertex 35 -86 41.5
      vertex -5 -86 41.5
    endloop
  endfacet
  facet normal 0 -1 -0
    outer loop
      vertex 35 -86 41.5
      vertex -5 -86 -6
      vertex 35 -86 -6
    endloop
  endfacet
  facet normal 0 0 -1
    outer loop
      vertex 35 -86 -6
      vertex 30.5 -81 -6
      vertex 35 -1 -6
    endloop
  endfacet
  facet normal 0 0 -1
    outer loop
      vertex 35 -86 -6
      vertex -0.5 -81 -6
      vertex 30.5 -81 -6
    endloop
  endfacet
  facet normal 0 0 -1
    outer loop
      vertex -5 -86 -6
      vertex -0.5 -81 -6
      vertex 35 -86 -6
    endloop
  endfacet
  facet normal 0 0 -1
    outer loop
      vertex -5 -1 -6
      vertex -0.5 -81 -6
      vertex -5 -86 -6
    endloop
  endfacet
  facet normal 0 0 -1
    outer loop
      vertex -0.5 -81 -6
      vertex -5 -1 -6
      vertex -0.5 -1 -6
    endloop
  endfacet
  facet normal -0 0 -1
    outer loop
      vertex 35 -1 -6
      vertex 30.5 -81 -6
      vertex 30.5 -1 -6
    endloop
  endfacet
  facet normal 0 1 0
    outer loop
      vertex 35 -1 8
      vertex 30.5 -1 4
      vertex -5 -1 8
    endloop
  endfacet
  facet normal 0 1 -0
    outer loop
      vertex 35 -1 -6
      vertex 30.5 -1 4
      vertex 35 -1 8
    endloop
  endfacet
  facet normal 0 1 0
    outer loop
      vertex 30.5 -1 4
      vertex 35 -1 -6
      vertex 30.5 -1 -6
    endloop
  endfacet
  facet normal 0 1 -0
    outer loop
      vertex -0.5 -1 4
      vertex -5 -1 8
      vertex 30.5 -1 4
    endloop
  endfacet
  facet normal 0 1 0
    outer loop
      vertex -5 -1 -6
      vertex -0.5 -1 4
      vertex -0.5 -1 -6
    endloop
  endfacet
  facet normal 0 1 0
    outer loop
      vertex -0.5 -1 4
      vertex -5 -1 -6
      vertex -5 -1 8
    endloop
  endfacet
  facet normal 0 0 -1
    outer loop
      vertex -5 -77 37.5
      vertex -0.5 -53 37.5
      vertex -0.5 -77 37.5
    endloop
  endfacet
  facet normal -0 0 -1
    outer loop
      vertex -0.5 -53 37.5
      vertex -5 -77 37.5
      vertex -5 -53 37.5
    endloop
  endfacet
  facet normal -0 0 1
    outer loop
      vertex -5 -53 24.5
      vertex -0.5 -77 24.5
      vertex -0.5 -53 24.5
    endloop
  endfacet
  facet normal 0 0 1
    outer loop
      vertex -0.5 -77 24.5
      vertex -5 -53 24.5
      vertex -5 -77 24.5
    endloop
  endfacet
  facet normal 0 -1 0
    outer loop
      vertex -5 -53 24.5
      vertex -0.5 -53 37.5
      vertex -5 -53 37.5
    endloop
  endfacet
  facet normal 0 -1 -0
    outer loop
      vertex -0.5 -53 37.5
      vertex -5 -53 24.5
      vertex -0.5 -53 24.5
    endloop
  endfacet
  facet normal 0 1 -0
    outer loop
      vertex -0.5 -77 24.5
      vertex -5 -77 37.5
      vertex -0.5 -77 37.5
    endloop
  endfacet
  facet normal 0 1 0
    outer loop
      vertex -5 -77 37.5
      vertex -0.5 -77 24.5
      vertex -5 -77 24.5
    endloop
  endfacet
  facet normal 0 -0.989174 0.146746
    outer loop
      vertex -5 -74.5288 12.7074
      vertex -0.5 -74.5072 12.853
      vertex -5 -74.5072 12.853
    endloop
  endfacet
  facet normal 0 -0.989174 0.146746
    outer loop
      vertex -0.5 -74.5072 12.853
      vertex -5 -74.5288 12.7074
      vertex -0.5 -74.5288 12.7074
    endloop
  endfacet
  facet normal 0 -0.427269 -0.904125
    outer loop
      vertex -5 -75.426 14.3858
      vertex -0.5 -75.2929 14.3229
      vertex -0.5 -75.426 14.3858
    endloop
  endfacet
  facet normal -0 -0.427269 -0.904125
    outer loop
      vertex -0.5 -75.2929 14.3229
      vertex -5 -75.426 14.3858
      vertex -5 -75.2929 14.3229
    endloop
  endfacet
  facet normal -0 0.595861 0.803088
    outer loop
      vertex -5 -76.8334 11.7528
      vertex -0.5 -76.9516 11.8405
      vertex -0.5 -76.8334 11.7528
    endloop
  endfacet
  facet normal 0 0.595861 0.803088
    outer loop
      vertex -0.5 -76.9516 11.8405
      vertex -5 -76.8334 11.7528
      vertex -5 -76.9516 11.8405
    endloop
  endfacet
  facet normal 0 0.803088 0.595861
    outer loop
      vertex -0.5 -77.1595 12.0484
      vertex -5 -77.2472 12.1666
      vertex -0.5 -77.2472 12.1666
    endloop
  endfacet
  facet normal 0 0.803088 0.595861
    outer loop
      vertex -5 -77.2472 12.1666
      vertex -0.5 -77.1595 12.0484
      vertex -5 -77.1595 12.0484
    endloop
  endfacet
  facet normal 0 -0.146746 0.989174
    outer loop
      vertex -5 -75.7074 11.5288
      vertex -0.5 -75.853 11.5072
      vertex -0.5 -75.7074 11.5288
    endloop
  endfacet
  facet normal 0 -0.146746 0.989174
    outer loop
      vertex -0.5 -75.853 11.5072
      vertex -5 -75.7074 11.5288
      vertex -5 -75.853 11.5072
    endloop
  endfacet
  facet normal 0 -0.671251 -0.74123
    outer loop
      vertex -5 -75.0484 14.1595
      vertex -0.5 -74.9393 14.0607
      vertex -0.5 -75.0484 14.1595
    endloop
  endfacet
  facet normal -0 -0.671251 -0.74123
    outer loop
      vertex -0.5 -74.9393 14.0607
      vertex -5 -75.0484 14.1595
      vertex -5 -74.9393 14.0607
    endloop
  endfacet
  facet normal 0 -0.336939 0.941527
    outer loop
      vertex -5 -75.426 11.6142
      vertex -0.5 -75.5646 11.5646
      vertex -0.5 -75.426 11.6142
    endloop
  endfacet
  facet normal 0 -0.336939 0.941527
    outer loop
      vertex -0.5 -75.5646 11.5646
      vertex -5 -75.426 11.6142
      vertex -5 -75.5646 11.5646
    endloop
  endfacet
  facet normal 0 0.74123 -0.671251
    outer loop
      vertex -0.5 -77.1595 13.9516
      vertex -5 -77.0607 14.0607
      vertex -0.5 -77.0607 14.0607
    endloop
  endfacet
  facet normal 0 0.74123 -0.671251
    outer loop
      vertex -5 -77.0607 14.0607
      vertex -0.5 -77.1595 13.9516
      vertex -5 -77.1595 13.9516
    endloop
  endfacet
  facet normal 0 -0.998803 -0.0489209
    outer loop
      vertex -5 -74.5 13
      vertex -0.5 -74.5072 13.147
      vertex -5 -74.5072 13.147
    endloop
  endfacet
  facet normal 0 -0.998803 -0.0489209
    outer loop
      vertex -0.5 -74.5072 13.147
      vertex -5 -74.5 13
      vertex -0.5 -74.5 13
    endloop
  endfacet
  facet normal 0 0.514096 -0.857733
    outer loop
      vertex -5 -76.8334 14.2472
      vertex -0.5 -76.7071 14.3229
      vertex -0.5 -76.8334 14.2472
    endloop
  endfacet
  facet normal 0 0.514096 -0.857733
    outer loop
      vertex -0.5 -76.7071 14.3229
      vertex -5 -76.8334 14.2472
      vertex -5 -76.7071 14.3229
    endloop
  endfacet
  facet normal 0 -0.941527 -0.336939
    outer loop
      vertex -5 -74.5646 13.4354
      vertex -0.5 -74.6142 13.574
      vertex -5 -74.6142 13.574
    endloop
  endfacet
  facet normal 0 -0.941527 -0.336939
    outer loop
      vertex -0.5 -74.6142 13.574
      vertex -5 -74.5646 13.4354
      vertex -0.5 -74.5646 13.4354
    endloop
  endfacet
  facet normal 0 -0.514096 -0.857733
    outer loop
      vertex -5 -75.2929 14.3229
      vertex -0.5 -75.1666 14.2472
      vertex -0.5 -75.2929 14.3229
    endloop
  endfacet
  facet normal -0 -0.514096 -0.857733
    outer loop
      vertex -0.5 -75.1666 14.2472
      vertex -5 -75.2929 14.3229
      vertex -5 -75.1666 14.2472
    endloop
  endfacet
  facet normal -0 0.146746 0.989174
    outer loop
      vertex -5 -76.147 11.5072
      vertex -0.5 -76.2926 11.5288
      vertex -0.5 -76.147 11.5072
    endloop
  endfacet
  facet normal 0 0.146746 0.989174
    outer loop
      vertex -0.5 -76.2926 11.5288
      vertex -5 -76.147 11.5072
      vertex -5 -76.2926 11.5288
    endloop
  endfacet
  facet normal -0 0.427269 0.904125
    outer loop
      vertex -5 -76.574 11.6142
      vertex -0.5 -76.7071 11.6771
      vertex -0.5 -76.574 11.6142
    endloop
  endfacet
  facet normal 0 0.427269 0.904125
    outer loop
      vertex -0.5 -76.7071 11.6771
      vertex -5 -76.574 11.6142
      vertex -5 -76.7071 11.6771
    endloop
  endfacet
  facet normal 0 -0.427269 0.904125
    outer loop
      vertex -5 -75.2929 11.6771
      vertex -0.5 -75.426 11.6142
      vertex -0.5 -75.2929 11.6771
    endloop
  endfacet
  facet normal 0 -0.427269 0.904125
    outer loop
      vertex -0.5 -75.426 11.6142
      vertex -5 -75.2929 11.6771
      vertex -5 -75.426 11.6142
    endloop
  endfacet
  facet normal 0 0.989174 -0.146746
    outer loop
      vertex -0.5 -77.4928 13.147
      vertex -5 -77.4712 13.2926
      vertex -0.5 -77.4712 13.2926
    endloop
  endfacet
  facet normal 0 0.989174 -0.146746
    outer loop
      vertex -5 -77.4712 13.2926
      vertex -0.5 -77.4928 13.147
      vertex -5 -77.4928 13.147
    endloop
  endfacet
  facet normal 0 -0.0489209 0.998803
    outer loop
      vertex -5 -75.853 11.5072
      vertex -0.5 -76 11.5
      vertex -0.5 -75.853 11.5072
    endloop
  endfacet
  facet normal 0 -0.0489209 0.998803
    outer loop
      vertex -0.5 -76 11.5
      vertex -5 -75.853 11.5072
      vertex -5 -76 11.5
    endloop
  endfacet
  facet normal 0 -0.857733 -0.514096
    outer loop
      vertex -5 -74.6771 13.7071
      vertex -0.5 -74.7528 13.8334
      vertex -5 -74.7528 13.8334
    endloop
  endfacet
  facet normal 0 -0.857733 -0.514096
    outer loop
      vertex -0.5 -74.7528 13.8334
      vertex -5 -74.6771 13.7071
      vertex -0.5 -74.6771 13.7071
    endloop
  endfacet
  facet normal 0 -0.803088 -0.595861
    outer loop
      vertex -5 -74.7528 13.8334
      vertex -0.5 -74.8405 13.9516
      vertex -5 -74.8405 13.9516
    endloop
  endfacet
  facet normal 0 -0.803088 -0.595861
    outer loop
      vertex -0.5 -74.8405 13.9516
      vertex -5 -74.7528 13.8334
      vertex -0.5 -74.7528 13.8334
    endloop
  endfacet
  facet normal 0 0.595861 -0.803088
    outer loop
      vertex -5 -76.9516 14.1595
      vertex -0.5 -76.8334 14.2472
      vertex -0.5 -76.9516 14.1595
    endloop
  endfacet
  facet normal 0 0.595861 -0.803088
    outer loop
      vertex -0.5 -76.8334 14.2472
      vertex -5 -76.9516 14.1595
      vertex -5 -76.8334 14.2472
    endloop
  endfacet
  facet normal 0 -0.243175 0.969982
    outer loop
      vertex -5 -75.5646 11.5646
      vertex -0.5 -75.7074 11.5288
      vertex -0.5 -75.5646 11.5646
    endloop
  endfacet
  facet normal 0 -0.243175 0.969982
    outer loop
      vertex -0.5 -75.7074 11.5288
      vertex -5 -75.5646 11.5646
      vertex -5 -75.7074 11.5288
    endloop
  endfacet
  facet normal 0 -0.989174 -0.146746
    outer loop
      vertex -5 -74.5072 13.147
      vertex -0.5 -74.5288 13.2926
      vertex -5 -74.5288 13.2926
    endloop
  endfacet
  facet normal 0 -0.989174 -0.146746
    outer loop
      vertex -0.5 -74.5288 13.2926
      vertex -5 -74.5072 13.147
      vertex -0.5 -74.5072 13.147
    endloop
  endfacet
  facet normal 0 0.243175 -0.969982
    outer loop
      vertex -5 -76.4354 14.4354
      vertex -0.5 -76.2926 14.4712
      vertex -0.5 -76.4354 14.4354
    endloop
  endfacet
  facet normal 0 0.243175 -0.969982
    outer loop
      vertex -0.5 -76.2926 14.4712
      vertex -5 -76.4354 14.4354
      vertex -5 -76.2926 14.4712
    endloop
  endfacet
  facet normal 0 0.803088 -0.595861
    outer loop
      vertex -0.5 -77.2472 13.8334
      vertex -5 -77.1595 13.9516
      vertex -0.5 -77.1595 13.9516
    endloop
  endfacet
  facet normal 0 0.803088 -0.595861
    outer loop
      vertex -5 -77.1595 13.9516
      vertex -0.5 -77.2472 13.8334
      vertex -5 -77.2472 13.8334
    endloop
  endfacet
  facet normal 0 -0.969982 0.243175
    outer loop
      vertex -5 -74.5646 12.5646
      vertex -0.5 -74.5288 12.7074
      vertex -5 -74.5288 12.7074
    endloop
  endfacet
  facet normal 0 -0.969982 0.243175
    outer loop
      vertex -0.5 -74.5288 12.7074
      vertex -5 -74.5646 12.5646
      vertex -0.5 -74.5646 12.5646
    endloop
  endfacet
  facet normal 0 -0.74123 0.671251
    outer loop
      vertex -5 -74.9393 11.9393
      vertex -0.5 -74.8405 12.0484
      vertex -5 -74.8405 12.0484
    endloop
  endfacet
  facet normal 0 -0.74123 0.671251
    outer loop
      vertex -0.5 -74.8405 12.0484
      vertex -5 -74.9393 11.9393
      vertex -0.5 -74.9393 11.9393
    endloop
  endfacet
  facet normal 0 0.904125 -0.427269
    outer loop
      vertex -0.5 -77.3858 13.574
      vertex -5 -77.3229 13.7071
      vertex -0.5 -77.3229 13.7071
    endloop
  endfacet
  facet normal 0 0.904125 -0.427269
    outer loop
      vertex -5 -77.3229 13.7071
      vertex -0.5 -77.3858 13.574
      vertex -5 -77.3858 13.574
    endloop
  endfacet
  facet normal 0 -0.857733 0.514096
    outer loop
      vertex -5 -74.7528 12.1666
      vertex -0.5 -74.6771 12.2929
      vertex -5 -74.6771 12.2929
    endloop
  endfacet
  facet normal 0 -0.857733 0.514096
    outer loop
      vertex -0.5 -74.6771 12.2929
      vertex -5 -74.7528 12.1666
      vertex -0.5 -74.7528 12.1666
    endloop
  endfacet
  facet normal 0 0.941527 0.336939
    outer loop
      vertex -0.5 -77.3858 12.426
      vertex -5 -77.4354 12.5646
      vertex -0.5 -77.4354 12.5646
    endloop
  endfacet
  facet normal 0 0.941527 0.336939
    outer loop
      vertex -5 -77.4354 12.5646
      vertex -0.5 -77.3858 12.426
      vertex -5 -77.3858 12.426
    endloop
  endfacet
  facet normal -0 0.671251 0.74123
    outer loop
      vertex -5 -76.9516 11.8405
      vertex -0.5 -77.0607 11.9393
      vertex -0.5 -76.9516 11.8405
    endloop
  endfacet
  facet normal 0 0.671251 0.74123
    outer loop
      vertex -0.5 -77.0607 11.9393
      vertex -5 -76.9516 11.8405
      vertex -5 -77.0607 11.9393
    endloop
  endfacet
  facet normal -0 0.0489209 0.998803
    outer loop
      vertex -5 -76 11.5
      vertex -0.5 -76.147 11.5072
      vertex -0.5 -76 11.5
    endloop
  endfacet
  facet normal 0 0.0489209 0.998803
    outer loop
      vertex -0.5 -76.147 11.5072
      vertex -5 -76 11.5
      vertex -5 -76.147 11.5072
    endloop
  endfacet
  facet normal 0 -0.941527 0.336939
    outer loop
      vertex -5 -74.6142 12.426
      vertex -0.5 -74.5646 12.5646
      vertex -5 -74.5646 12.5646
    endloop
  endfacet
  facet normal 0 -0.941527 0.336939
    outer loop
      vertex -0.5 -74.5646 12.5646
      vertex -5 -74.6142 12.426
      vertex -0.5 -74.6142 12.426
    endloop
  endfacet
  facet normal 0 -0.904125 0.427269
    outer loop
      vertex -5 -74.6771 12.2929
      vertex -0.5 -74.6142 12.426
      vertex -5 -74.6142 12.426
    endloop
  endfacet
  facet normal 0 -0.904125 0.427269
    outer loop
      vertex -0.5 -74.6142 12.426
      vertex -5 -74.6771 12.2929
      vertex -0.5 -74.6771 12.2929
    endloop
  endfacet
  facet normal 0 -0.671251 0.74123
    outer loop
      vertex -5 -74.9393 11.9393
      vertex -0.5 -75.0484 11.8405
      vertex -0.5 -74.9393 11.9393
    endloop
  endfacet
  facet normal 0 -0.671251 0.74123
    outer loop
      vertex -0.5 -75.0484 11.8405
      vertex -5 -74.9393 11.9393
      vertex -5 -75.0484 11.8405
    endloop
  endfacet
  facet normal 0 -0.0489209 -0.998803
    outer loop
      vertex -5 -76 14.5
      vertex -0.5 -75.853 14.4928
      vertex -0.5 -76 14.5
    endloop
  endfacet
  facet normal -0 -0.0489209 -0.998803
    outer loop
      vertex -0.5 -75.853 14.4928
      vertex -5 -76 14.5
      vertex -5 -75.853 14.4928
    endloop
  endfacet
  facet normal 0 -0.803088 0.595861
    outer loop
      vertex -5 -74.8405 12.0484
      vertex -0.5 -74.7528 12.1666
      vertex -5 -74.7528 12.1666
    endloop
  endfacet
  facet normal 0 -0.803088 0.595861
    outer loop
      vertex -0.5 -74.7528 12.1666
      vertex -5 -74.8405 12.0484
      vertex -0.5 -74.8405 12.0484
    endloop
  endfacet
  facet normal -0 0.514096 0.857733
    outer loop
      vertex -5 -76.7071 11.6771
      vertex -0.5 -76.8334 11.7528
      vertex -0.5 -76.7071 11.6771
    endloop
  endfacet
  facet normal 0 0.514096 0.857733
    outer loop
      vertex -0.5 -76.8334 11.7528
      vertex -5 -76.7071 11.6771
      vertex -5 -76.8334 11.7528
    endloop
  endfacet
  facet normal 0 0.0489209 -0.998803
    outer loop
      vertex -5 -76.147 14.4928
      vertex -0.5 -76 14.5
      vertex -0.5 -76.147 14.4928
    endloop
  endfacet
  facet normal 0 0.0489209 -0.998803
    outer loop
      vertex -0.5 -76 14.5
      vertex -5 -76.147 14.4928
      vertex -5 -76 14.5
    endloop
  endfacet
  facet normal 0 -0.969982 -0.243175
    outer loop
      vertex -5 -74.5288 13.2926
      vertex -0.5 -74.5646 13.4354
      vertex -5 -74.5646 13.4354
    endloop
  endfacet
  facet normal 0 -0.969982 -0.243175
    outer loop
      vertex -0.5 -74.5646 13.4354
      vertex -5 -74.5288 13.2926
      vertex -0.5 -74.5288 13.2926
    endloop
  endfacet
  facet normal 0 0.998803 0.0489209
    outer loop
      vertex -0.5 -77.4928 12.853
      vertex -5 -77.5 13
      vertex -0.5 -77.5 13
    endloop
  endfacet
  facet normal 0 0.998803 0.0489209
    outer loop
      vertex -5 -77.5 13
      vertex -0.5 -77.4928 12.853
      vertex -5 -77.4928 12.853
    endloop
  endfacet
  facet normal 0 -0.146746 -0.989174
    outer loop
      vertex -5 -75.853 14.4928
      vertex -0.5 -75.7074 14.4712
      vertex -0.5 -75.853 14.4928
    endloop
  endfacet
  facet normal -0 -0.146746 -0.989174
    outer loop
      vertex -0.5 -75.7074 14.4712
      vertex -5 -75.853 14.4928
      vertex -5 -75.7074 14.4712
    endloop
  endfacet
  facet normal -0 0.243175 0.969982
    outer loop
      vertex -5 -76.2926 11.5288
      vertex -0.5 -76.4354 11.5646
      vertex -0.5 -76.2926 11.5288
    endloop
  endfacet
  facet normal 0 0.243175 0.969982
    outer loop
      vertex -0.5 -76.4354 11.5646
      vertex -5 -76.2926 11.5288
      vertex -5 -76.4354 11.5646
    endloop
  endfacet
  facet normal 0 0.998803 -0.0489209
    outer loop
      vertex -0.5 -77.5 13
      vertex -5 -77.4928 13.147
      vertex -0.5 -77.4928 13.147
    endloop
  endfacet
  facet normal 0 0.998803 -0.0489209
    outer loop
      vertex -5 -77.4928 13.147
      vertex -0.5 -77.5 13
      vertex -5 -77.5 13
    endloop
  endfacet
  facet normal 0 -0.243175 -0.969982
    outer loop
      vertex -5 -75.7074 14.4712
      vertex -0.5 -75.5646 14.4354
      vertex -0.5 -75.7074 14.4712
    endloop
  endfacet
  facet normal -0 -0.243175 -0.969982
    outer loop
      vertex -0.5 -75.5646 14.4354
      vertex -5 -75.7074 14.4712
      vertex -5 -75.5646 14.4354
    endloop
  endfacet
  facet normal -0 0.336939 0.941527
    outer loop
      vertex -5 -76.4354 11.5646
      vertex -0.5 -76.574 11.6142
      vertex -0.5 -76.4354 11.5646
    endloop
  endfacet
  facet normal 0 0.336939 0.941527
    outer loop
      vertex -0.5 -76.574 11.6142
      vertex -5 -76.4354 11.5646
      vertex -5 -76.574 11.6142
    endloop
  endfacet
  facet normal 0 0.969982 0.243175
    outer loop
      vertex -0.5 -77.4354 12.5646
      vertex -5 -77.4712 12.7074
      vertex -0.5 -77.4712 12.7074
    endloop
  endfacet
  facet normal 0 0.969982 0.243175
    outer loop
      vertex -5 -77.4712 12.7074
      vertex -0.5 -77.4354 12.5646
      vertex -5 -77.4354 12.5646
    endloop
  endfacet
  facet normal 0 -0.514096 0.857733
    outer loop
      vertex -5 -75.1666 11.7528
      vertex -0.5 -75.2929 11.6771
      vertex -0.5 -75.1666 11.7528
    endloop
  endfacet
  facet normal 0 -0.514096 0.857733
    outer loop
      vertex -0.5 -75.2929 11.6771
      vertex -5 -75.1666 11.7528
      vertex -5 -75.2929 11.6771
    endloop
  endfacet
  facet normal 0 0.427269 -0.904125
    outer loop
      vertex -5 -76.7071 14.3229
      vertex -0.5 -76.574 14.3858
      vertex -0.5 -76.7071 14.3229
    endloop
  endfacet
  facet normal 0 0.427269 -0.904125
    outer loop
      vertex -0.5 -76.574 14.3858
      vertex -5 -76.7071 14.3229
      vertex -5 -76.574 14.3858
    endloop
  endfacet
  facet normal 0 -0.595861 0.803088
    outer loop
      vertex -5 -75.0484 11.8405
      vertex -0.5 -75.1666 11.7528
      vertex -0.5 -75.0484 11.8405
    endloop
  endfacet
  facet normal 0 -0.595861 0.803088
    outer loop
      vertex -0.5 -75.1666 11.7528
      vertex -5 -75.0484 11.8405
      vertex -5 -75.1666 11.7528
    endloop
  endfacet
  facet normal 0 0.941527 -0.336939
    outer loop
      vertex -0.5 -77.4354 13.4354
      vertex -5 -77.3858 13.574
      vertex -0.5 -77.3858 13.574
    endloop
  endfacet
  facet normal 0 0.941527 -0.336939
    outer loop
      vertex -5 -77.3858 13.574
      vertex -0.5 -77.4354 13.4354
      vertex -5 -77.4354 13.4354
    endloop
  endfacet
  facet normal 0 0.336939 -0.941527
    outer loop
      vertex -5 -76.574 14.3858
      vertex -0.5 -76.4354 14.4354
      vertex -0.5 -76.574 14.3858
    endloop
  endfacet
  facet normal 0 0.336939 -0.941527
    outer loop
      vertex -0.5 -76.4354 14.4354
      vertex -5 -76.574 14.3858
      vertex -5 -76.4354 14.4354
    endloop
  endfacet
  facet normal 0 -0.74123 -0.671251
    outer loop
      vertex -5 -74.8405 13.9516
      vertex -0.5 -74.9393 14.0607
      vertex -5 -74.9393 14.0607
    endloop
  endfacet
  facet normal 0 -0.74123 -0.671251
    outer loop
      vertex -0.5 -74.9393 14.0607
      vertex -5 -74.8405 13.9516
      vertex -0.5 -74.8405 13.9516
    endloop
  endfacet
  facet normal 0 0.969982 -0.243175
    outer loop
      vertex -0.5 -77.4712 13.2926
      vertex -5 -77.4354 13.4354
      vertex -0.5 -77.4354 13.4354
    endloop
  endfacet
  facet normal 0 0.969982 -0.243175
    outer loop
      vertex -5 -77.4354 13.4354
      vertex -0.5 -77.4712 13.2926
      vertex -5 -77.4712 13.2926
    endloop
  endfacet
  facet normal 0 -0.904125 -0.427269
    outer loop
      vertex -5 -74.6142 13.574
      vertex -0.5 -74.6771 13.7071
      vertex -5 -74.6771 13.7071
    endloop
  endfacet
  facet normal 0 -0.904125 -0.427269
    outer loop
      vertex -0.5 -74.6771 13.7071
      vertex -5 -74.6142 13.574
      vertex -0.5 -74.6142 13.574
    endloop
  endfacet
  facet normal 0 0.671251 -0.74123
    outer loop
      vertex -5 -77.0607 14.0607
      vertex -0.5 -76.9516 14.1595
      vertex -0.5 -77.0607 14.0607
    endloop
  endfacet
  facet normal 0 0.671251 -0.74123
    outer loop
      vertex -0.5 -76.9516 14.1595
      vertex -5 -77.0607 14.0607
      vertex -5 -76.9516 14.1595
    endloop
  endfacet
  facet normal 0 -0.998803 0.0489209
    outer loop
      vertex -5 -74.5072 12.853
      vertex -0.5 -74.5 13
      vertex -5 -74.5 13
    endloop
  endfacet
  facet normal 0 -0.998803 0.0489209
    outer loop
      vertex -0.5 -74.5 13
      vertex -5 -74.5072 12.853
      vertex -0.5 -74.5072 12.853
    endloop
  endfacet
  facet normal 0 0.146746 -0.989174
    outer loop
      vertex -5 -76.2926 14.4712
      vertex -0.5 -76.147 14.4928
      vertex -0.5 -76.2926 14.4712
    endloop
  endfacet
  facet normal 0 0.146746 -0.989174
    outer loop
      vertex -0.5 -76.147 14.4928
      vertex -5 -76.2926 14.4712
      vertex -5 -76.147 14.4928
    endloop
  endfacet
  facet normal 0 0.989174 0.146746
    outer loop
      vertex -0.5 -77.4712 12.7074
      vertex -5 -77.4928 12.853
      vertex -0.5 -77.4928 12.853
    endloop
  endfacet
  facet normal 0 0.989174 0.146746
    outer loop
      vertex -5 -77.4928 12.853
      vertex -0.5 -77.4712 12.7074
      vertex -5 -77.4712 12.7074
    endloop
  endfacet
  facet normal 0 0.904125 0.427269
    outer loop
      vertex -0.5 -77.3229 12.2929
      vertex -5 -77.3858 12.426
      vertex -0.5 -77.3858 12.426
    endloop
  endfacet
  facet normal 0 0.904125 0.427269
    outer loop
      vertex -5 -77.3858 12.426
      vertex -0.5 -77.3229 12.2929
      vertex -5 -77.3229 12.2929
    endloop
  endfacet
  facet normal 0 -0.595861 -0.803088
    outer loop
      vertex -5 -75.1666 14.2472
      vertex -0.5 -75.0484 14.1595
      vertex -0.5 -75.1666 14.2472
    endloop
  endfacet
  facet normal -0 -0.595861 -0.803088
    outer loop
      vertex -0.5 -75.0484 14.1595
      vertex -5 -75.1666 14.2472
      vertex -5 -75.0484 14.1595
    endloop
  endfacet
  facet normal 0 0.857733 0.514096
    outer loop
      vertex -0.5 -77.2472 12.1666
      vertex -5 -77.3229 12.2929
      vertex -0.5 -77.3229 12.2929
    endloop
  endfacet
  facet normal 0 0.857733 0.514096
    outer loop
      vertex -5 -77.3229 12.2929
      vertex -0.5 -77.2472 12.1666
      vertex -5 -77.2472 12.1666
    endloop
  endfacet
  facet normal 0 0.857733 -0.514096
    outer loop
      vertex -0.5 -77.3229 13.7071
      vertex -5 -77.2472 13.8334
      vertex -0.5 -77.2472 13.8334
    endloop
  endfacet
  facet normal 0 0.857733 -0.514096
    outer loop
      vertex -5 -77.2472 13.8334
      vertex -0.5 -77.3229 13.7071
      vertex -5 -77.3229 13.7071
    endloop
  endfacet
  facet normal 0 0.74123 0.671251
    outer loop
      vertex -0.5 -77.0607 11.9393
      vertex -5 -77.1595 12.0484
      vertex -0.5 -77.1595 12.0484
    endloop
  endfacet
  facet normal 0 0.74123 0.671251
    outer loop
      vertex -5 -77.1595 12.0484
      vertex -0.5 -77.0607 11.9393
      vertex -5 -77.0607 11.9393
    endloop
  endfacet
  facet normal 0 -0.336939 -0.941527
    outer loop
      vertex -5 -75.5646 14.4354
      vertex -0.5 -75.426 14.3858
      vertex -0.5 -75.5646 14.4354
    endloop
  endfacet
  facet normal -0 -0.336939 -0.941527
    outer loop
      vertex -0.5 -75.426 14.3858
      vertex -5 -75.5646 14.4354
      vertex -5 -75.426 14.3858
    endloop
  endfacet
  facet normal 0 0.0489209 -0.998803
    outer loop
      vertex -5 -79.098 31.9952
      vertex -0.5 -79 32
      vertex -0.5 -79.098 31.9952
    endloop
  endfacet
  facet normal 0 0.0489209 -0.998803
    outer loop
      vertex -0.5 -79 32
      vertex -5 -79.098 31.9952
      vertex -5 -79 32
    endloop
  endfacet
  facet normal 0 -0.513596 -0.858032
    outer loop
      vertex -5 -78.5286 31.8819
      vertex -0.5 -78.4444 31.8315
      vertex -0.5 -78.5286 31.8819
    endloop
  endfacet
  facet normal -0 -0.513596 -0.858032
    outer loop
      vertex -0.5 -78.4444 31.8315
      vertex -5 -78.5286 31.8819
      vertex -5 -78.4444 31.8315
    endloop
  endfacet
  facet normal 0 -0.243494 0.969902
    outer loop
      vertex -5 -78.7097 30.0431
      vertex -0.5 -78.8049 30.0192
      vertex -0.5 -78.7097 30.0431
    endloop
  endfacet
  facet normal 0 -0.243494 0.969902
    outer loop
      vertex -0.5 -78.8049 30.0192
      vertex -5 -78.7097 30.0431
      vertex -5 -78.8049 30.0192
    endloop
  endfacet
  facet normal 0 0.336336 -0.941742
    outer loop
      vertex -5 -79.3827 31.9239
      vertex -0.5 -79.2903 31.9569
      vertex -0.5 -79.3827 31.9239
    endloop
  endfacet
  facet normal 0 0.336336 -0.941742
    outer loop
      vertex -0.5 -79.2903 31.9569
      vertex -5 -79.3827 31.9239
      vertex -5 -79.2903 31.9569
    endloop
  endfacet
  facet normal 0 0.989182 -0.146696
    outer loop
      vertex -0.5 -79.9952 31.098
      vertex -5 -79.9808 31.1951
      vertex -0.5 -79.9808 31.1951
    endloop
  endfacet
  facet normal 0 0.989182 -0.146696
    outer loop
      vertex -5 -79.9808 31.1951
      vertex -0.5 -79.9952 31.098
      vertex -5 -79.9952 31.098
    endloop
  endfacet
  facet normal 0 -0.59608 0.802925
    outer loop
      vertex -5 -78.3656 30.227
      vertex -0.5 -78.4444 30.1685
      vertex -0.5 -78.3656 30.227
    endloop
  endfacet
  facet normal 0 -0.59608 0.802925
    outer loop
      vertex -0.5 -78.4444 30.1685
      vertex -5 -78.3656 30.227
      vertex -5 -78.4444 30.1685
    endloop
  endfacet
  facet normal 0 -0.0489209 0.998803
    outer loop
      vertex -5 -78.902 30.0048
      vertex -0.5 -79 30
      vertex -0.5 -78.902 30.0048
    endloop
  endfacet
  facet normal 0 -0.0489209 0.998803
    outer loop
      vertex -0.5 -79 30
      vertex -5 -78.902 30.0048
      vertex -5 -79 30
    endloop
  endfacet
  facet normal -0 0.336336 0.941742
    outer loop
      vertex -5 -79.2903 30.0431
      vertex -0.5 -79.3827 30.0761
      vertex -0.5 -79.2903 30.0431
    endloop
  endfacet
  facet normal 0 0.336336 0.941742
    outer loop
      vertex -0.5 -79.3827 30.0761
      vertex -5 -79.2903 30.0431
      vertex -5 -79.3827 30.0761
    endloop
  endfacet
  facet normal 0 0.9038 0.427955
    outer loop
      vertex -0.5 -79.8819 30.5286
      vertex -5 -79.9239 30.6173
      vertex -0.5 -79.9239 30.6173
    endloop
  endfacet
  facet normal 0 0.9038 0.427955
    outer loop
      vertex -5 -79.9239 30.6173
      vertex -0.5 -79.8819 30.5286
      vertex -5 -79.8819 30.5286
    endloop
  endfacet
  facet normal 0 -0.802925 -0.59608
    outer loop
      vertex -5 -78.1685 31.5556
      vertex -0.5 -78.227 31.6344
      vertex -5 -78.227 31.6344
    endloop
  endfacet
  facet normal 0 -0.802925 -0.59608
    outer loop
      vertex -0.5 -78.227 31.6344
      vertex -5 -78.1685 31.5556
      vertex -0.5 -78.1685 31.5556
    endloop
  endfacet
  facet normal 0 0.989182 0.146696
    outer loop
      vertex -0.5 -79.9808 30.8049
      vertex -5 -79.9952 30.902
      vertex -0.5 -79.9952 30.902
    endloop
  endfacet
  facet normal 0 0.989182 0.146696
    outer loop
      vertex -5 -79.9952 30.902
      vertex -0.5 -79.9808 30.8049
      vertex -5 -79.9808 30.8049
    endloop
  endfacet
  facet normal 0 0.858032 -0.513596
    outer loop
      vertex -0.5 -79.8819 31.4714
      vertex -5 -79.8315 31.5556
      vertex -0.5 -79.8315 31.5556
    endloop
  endfacet
  facet normal 0 0.858032 -0.513596
    outer loop
      vertex -5 -79.8315 31.5556
      vertex -0.5 -79.8819 31.4714
      vertex -5 -79.8819 31.4714
    endloop
  endfacet
  facet normal 0 -0.243494 -0.969902
    outer loop
      vertex -5 -78.8049 31.9808
      vertex -0.5 -78.7097 31.9569
      vertex -0.5 -78.8049 31.9808
    endloop
  endfacet
  facet normal -0 -0.243494 -0.969902
    outer loop
      vertex -0.5 -78.7097 31.9569
      vertex -5 -78.8049 31.9808
      vertex -5 -78.7097 31.9569
    endloop
  endfacet
  facet normal 0 0.858032 0.513596
    outer loop
      vertex -0.5 -79.8315 30.4444
      vertex -5 -79.8819 30.5286
      vertex -0.5 -79.8819 30.5286
    endloop
  endfacet
  facet normal 0 0.858032 0.513596
    outer loop
      vertex -5 -79.8819 30.5286
      vertex -0.5 -79.8315 30.4444
      vertex -5 -79.8315 30.4444
    endloop
  endfacet
  facet normal 0 0.998803 -0.0489209
    outer loop
      vertex -0.5 -80 31
      vertex -5 -79.9952 31.098
      vertex -0.5 -79.9952 31.098
    endloop
  endfacet
  facet normal 0 0.998803 -0.0489209
    outer loop
      vertex -5 -79.9952 31.098
      vertex -0.5 -80 31
      vertex -5 -80 31
    endloop
  endfacet
  facet normal 0 -0.989182 -0.146696
    outer loop
      vertex -5 -78.0048 31.098
      vertex -0.5 -78.0192 31.1951
      vertex -5 -78.0192 31.1951
    endloop
  endfacet
  facet normal 0 -0.989182 -0.146696
    outer loop
      vertex -0.5 -78.0192 31.1951
      vertex -5 -78.0048 31.098
      vertex -0.5 -78.0048 31.098
    endloop
  endfacet
  facet normal -0 0.671607 0.740908
    outer loop
      vertex -5 -79.6344 30.227
      vertex -0.5 -79.7071 30.2929
      vertex -0.5 -79.6344 30.227
    endloop
  endfacet
  facet normal 0 0.671607 0.740908
    outer loop
      vertex -0.5 -79.7071 30.2929
      vertex -5 -79.6344 30.227
      vertex -5 -79.7071 30.2929
    endloop
  endfacet
  facet normal 0 -0.941742 0.336336
    outer loop
      vertex -5 -78.0761 30.6173
      vertex -0.5 -78.0431 30.7097
      vertex -5 -78.0431 30.7097
    endloop
  endfacet
  facet normal 0 -0.941742 0.336336
    outer loop
      vertex -0.5 -78.0431 30.7097
      vertex -5 -78.0761 30.6173
      vertex -0.5 -78.0761 30.6173
    endloop
  endfacet
  facet normal 0 -0.427955 0.9038
    outer loop
      vertex -5 -78.5286 30.1181
      vertex -0.5 -78.6173 30.0761
      vertex -0.5 -78.5286 30.1181
    endloop
  endfacet
  facet normal 0 -0.427955 0.9038
    outer loop
      vertex -0.5 -78.6173 30.0761
      vertex -5 -78.5286 30.1181
      vertex -5 -78.6173 30.0761
    endloop
  endfacet
  facet normal 0 -0.802925 0.59608
    outer loop
      vertex -5 -78.227 30.3656
      vertex -0.5 -78.1685 30.4444
      vertex -5 -78.1685 30.4444
    endloop
  endfacet
  facet normal 0 -0.802925 0.59608
    outer loop
      vertex -0.5 -78.1685 30.4444
      vertex -5 -78.227 30.3656
      vertex -0.5 -78.227 30.3656
    endloop
  endfacet
  facet normal 0 -0.969902 0.243494
    outer loop
      vertex -5 -78.0431 30.7097
      vertex -0.5 -78.0192 30.8049
      vertex -5 -78.0192 30.8049
    endloop
  endfacet
  facet normal 0 -0.969902 0.243494
    outer loop
      vertex -0.5 -78.0192 30.8049
      vertex -5 -78.0431 30.7097
      vertex -0.5 -78.0431 30.7097
    endloop
  endfacet
  facet normal 0 0.243494 -0.969902
    outer loop
      vertex -5 -79.2903 31.9569
      vertex -0.5 -79.1951 31.9808
      vertex -0.5 -79.2903 31.9569
    endloop
  endfacet
  facet normal 0 0.243494 -0.969902
    outer loop
      vertex -0.5 -79.1951 31.9808
      vertex -5 -79.2903 31.9569
      vertex -5 -79.1951 31.9808
    endloop
  endfacet
  facet normal 0 -0.858032 -0.513596
    outer loop
      vertex -5 -78.1181 31.4714
      vertex -0.5 -78.1685 31.5556
      vertex -5 -78.1685 31.5556
    endloop
  endfacet
  facet normal 0 -0.858032 -0.513596
    outer loop
      vertex -0.5 -78.1685 31.5556
      vertex -5 -78.1181 31.4714
      vertex -0.5 -78.1181 31.4714
    endloop
  endfacet
  facet normal 0 0.513596 -0.858032
    outer loop
      vertex -5 -79.5556 31.8315
      vertex -0.5 -79.4714 31.8819
      vertex -0.5 -79.5556 31.8315
    endloop
  endfacet
  facet normal 0 0.513596 -0.858032
    outer loop
      vertex -0.5 -79.4714 31.8819
      vertex -5 -79.5556 31.8315
      vertex -5 -79.4714 31.8819
    endloop
  endfacet
  facet normal 0 0.969902 0.243494
    outer loop
      vertex -0.5 -79.9569 30.7097
      vertex -5 -79.9808 30.8049
      vertex -0.5 -79.9808 30.8049
    endloop
  endfacet
  facet normal 0 0.969902 0.243494
    outer loop
      vertex -5 -79.9808 30.8049
      vertex -0.5 -79.9569 30.7097
      vertex -5 -79.9569 30.7097
    endloop
  endfacet
  facet normal 0 -0.858032 0.513596
    outer loop
      vertex -5 -78.1685 30.4444
      vertex -0.5 -78.1181 30.5286
      vertex -5 -78.1181 30.5286
    endloop
  endfacet
  facet normal 0 -0.858032 0.513596
    outer loop
      vertex -0.5 -78.1181 30.5286
      vertex -5 -78.1685 30.4444
      vertex -0.5 -78.1685 30.4444
    endloop
  endfacet
  facet normal -0 0.427955 0.9038
    outer loop
      vertex -5 -79.3827 30.0761
      vertex -0.5 -79.4714 30.1181
      vertex -0.5 -79.3827 30.0761
    endloop
  endfacet
  facet normal 0 0.427955 0.9038
    outer loop
      vertex -0.5 -79.4714 30.1181
      vertex -5 -79.3827 30.0761
      vertex -5 -79.4714 30.1181
    endloop
  endfacet
  facet normal -0 0.0489209 0.998803
    outer loop
      vertex -5 -79 30
      vertex -0.5 -79.098 30.0048
      vertex -0.5 -79 30
    endloop
  endfacet
  facet normal 0 0.0489209 0.998803
    outer loop
      vertex -0.5 -79.098 30.0048
      vertex -5 -79 30
      vertex -5 -79.098 30.0048
    endloop
  endfacet
  facet normal -0 0.513596 0.858032
    outer loop
      vertex -5 -79.4714 30.1181
      vertex -0.5 -79.5556 30.1685
      vertex -0.5 -79.4714 30.1181
    endloop
  endfacet
  facet normal 0 0.513596 0.858032
    outer loop
      vertex -0.5 -79.5556 30.1685
      vertex -5 -79.4714 30.1181
      vertex -5 -79.5556 30.1685
    endloop
  endfacet
  facet normal 0 -0.941742 -0.336336
    outer loop
      vertex -5 -78.0431 31.2903
      vertex -0.5 -78.0761 31.3827
      vertex -5 -78.0761 31.3827
    endloop
  endfacet
  facet normal 0 -0.941742 -0.336336
    outer loop
      vertex -0.5 -78.0761 31.3827
      vertex -5 -78.0431 31.2903
      vertex -0.5 -78.0431 31.2903
    endloop
  endfacet
  facet normal 0 -0.146696 0.989182
    outer loop
      vertex -5 -78.8049 30.0192
      vertex -0.5 -78.902 30.0048
      vertex -0.5 -78.8049 30.0192
    endloop
  endfacet
  facet normal 0 -0.146696 0.989182
    outer loop
      vertex -0.5 -78.902 30.0048
      vertex -5 -78.8049 30.0192
      vertex -5 -78.902 30.0048
    endloop
  endfacet
  facet normal 0 -0.336336 0.941742
    outer loop
      vertex -5 -78.6173 30.0761
      vertex -0.5 -78.7097 30.0431
      vertex -0.5 -78.6173 30.0761
    endloop
  endfacet
  facet normal 0 -0.336336 0.941742
    outer loop
      vertex -0.5 -78.7097 30.0431
      vertex -5 -78.6173 30.0761
      vertex -5 -78.7097 30.0431
    endloop
  endfacet
  facet normal -0 0.243494 0.969902
    outer loop
      vertex -5 -79.1951 30.0192
      vertex -0.5 -79.2903 30.0431
      vertex -0.5 -79.1951 30.0192
    endloop
  endfacet
  facet normal 0 0.243494 0.969902
    outer loop
      vertex -0.5 -79.2903 30.0431
      vertex -5 -79.1951 30.0192
      vertex -5 -79.2903 30.0431
    endloop
  endfacet
  facet normal -0 0.146696 0.989182
    outer loop
      vertex -5 -79.098 30.0048
      vertex -0.5 -79.1951 30.0192
      vertex -0.5 -79.098 30.0048
    endloop
  endfacet
  facet normal 0 0.146696 0.989182
    outer loop
      vertex -0.5 -79.1951 30.0192
      vertex -5 -79.098 30.0048
      vertex -5 -79.1951 30.0192
    endloop
  endfacet
  facet normal 0 0.671607 -0.740908
    outer loop
      vertex -5 -79.7071 31.7071
      vertex -0.5 -79.6344 31.773
      vertex -0.5 -79.7071 31.7071
    endloop
  endfacet
  facet normal 0 0.671607 -0.740908
    outer loop
      vertex -0.5 -79.6344 31.773
      vertex -5 -79.7071 31.7071
      vertex -5 -79.6344 31.773
    endloop
  endfacet
  facet normal 0 0.740908 -0.671607
    outer loop
      vertex -0.5 -79.773 31.6344
      vertex -5 -79.7071 31.7071
      vertex -0.5 -79.7071 31.7071
    endloop
  endfacet
  facet normal 0 0.740908 -0.671607
    outer loop
      vertex -5 -79.7071 31.7071
      vertex -0.5 -79.773 31.6344
      vertex -5 -79.773 31.6344
    endloop
  endfacet
  facet normal 0 0.998803 0.0489209
    outer loop
      vertex -0.5 -79.9952 30.902
      vertex -5 -80 31
      vertex -0.5 -80 31
    endloop
  endfacet
  facet normal 0 0.998803 0.0489209
    outer loop
      vertex -5 -80 31
      vertex -0.5 -79.9952 30.902
      vertex -5 -79.9952 30.902
    endloop
  endfacet
  facet normal -0 0.59608 0.802925
    outer loop
      vertex -5 -79.5556 30.1685
      vertex -0.5 -79.6344 30.227
      vertex -0.5 -79.5556 30.1685
    endloop
  endfacet
  facet normal 0 0.59608 0.802925
    outer loop
      vertex -0.5 -79.6344 30.227
      vertex -5 -79.5556 30.1685
      vertex -5 -79.6344 30.227
    endloop
  endfacet
  facet normal 0 0.427955 -0.9038
    outer loop
      vertex -5 -79.4714 31.8819
      vertex -0.5 -79.3827 31.9239
      vertex -0.5 -79.4714 31.8819
    endloop
  endfacet
  facet normal 0 0.427955 -0.9038
    outer loop
      vertex -0.5 -79.3827 31.9239
      vertex -5 -79.4714 31.8819
      vertex -5 -79.3827 31.9239
    endloop
  endfacet
  facet normal 0 -0.998803 -0.0489209
    outer loop
      vertex -5 -78 31
      vertex -0.5 -78.0048 31.098
      vertex -5 -78.0048 31.098
    endloop
  endfacet
  facet normal 0 -0.998803 -0.0489209
    outer loop
      vertex -0.5 -78.0048 31.098
      vertex -5 -78 31
      vertex -0.5 -78 31
    endloop
  endfacet
  facet normal 0 -0.0489209 -0.998803
    outer loop
      vertex -5 -79 32
      vertex -0.5 -78.902 31.9952
      vertex -0.5 -79 32
    endloop
  endfacet
  facet normal -0 -0.0489209 -0.998803
    outer loop
      vertex -0.5 -78.902 31.9952
      vertex -5 -79 32
      vertex -5 -78.902 31.9952
    endloop
  endfacet
  facet normal 0 -0.9038 0.427955
    outer loop
      vertex -5 -78.1181 30.5286
      vertex -0.5 -78.0761 30.6173
      vertex -5 -78.0761 30.6173
    endloop
  endfacet
  facet normal 0 -0.9038 0.427955
    outer loop
      vertex -0.5 -78.0761 30.6173
      vertex -5 -78.1181 30.5286
      vertex -0.5 -78.1181 30.5286
    endloop
  endfacet
  facet normal 0 -0.998803 0.0489209
    outer loop
      vertex -5 -78.0048 30.902
      vertex -0.5 -78 31
      vertex -5 -78 31
    endloop
  endfacet
  facet normal 0 -0.998803 0.0489209
    outer loop
      vertex -0.5 -78 31
      vertex -5 -78.0048 30.902
      vertex -0.5 -78.0048 30.902
    endloop
  endfacet
  facet normal 0 -0.513596 0.858032
    outer loop
      vertex -5 -78.4444 30.1685
      vertex -0.5 -78.5286 30.1181
      vertex -0.5 -78.4444 30.1685
    endloop
  endfacet
  facet normal 0 -0.513596 0.858032
    outer loop
      vertex -0.5 -78.5286 30.1181
      vertex -5 -78.4444 30.1685
      vertex -5 -78.5286 30.1181
    endloop
  endfacet
  facet normal 0 0.802925 0.59608
    outer loop
      vertex -0.5 -79.773 30.3656
      vertex -5 -79.8315 30.4444
      vertex -0.5 -79.8315 30.4444
    endloop
  endfacet
  facet normal 0 0.802925 0.59608
    outer loop
      vertex -5 -79.8315 30.4444
      vertex -0.5 -79.773 30.3656
      vertex -5 -79.773 30.3656
    endloop
  endfacet
  facet normal 0 0.9038 -0.427955
    outer loop
      vertex -0.5 -79.9239 31.3827
      vertex -5 -79.8819 31.4714
      vertex -0.5 -79.8819 31.4714
    endloop
  endfacet
  facet normal 0 0.9038 -0.427955
    outer loop
      vertex -5 -79.8819 31.4714
      vertex -0.5 -79.9239 31.3827
      vertex -5 -79.9239 31.3827
    endloop
  endfacet
  facet normal 0 -0.740908 -0.671607
    outer loop
      vertex -5 -78.227 31.6344
      vertex -0.5 -78.2929 31.7071
      vertex -5 -78.2929 31.7071
    endloop
  endfacet
  facet normal 0 -0.740908 -0.671607
    outer loop
      vertex -0.5 -78.2929 31.7071
      vertex -5 -78.227 31.6344
      vertex -0.5 -78.227 31.6344
    endloop
  endfacet
  facet normal 0 -0.9038 -0.427955
    outer loop
      vertex -5 -78.0761 31.3827
      vertex -0.5 -78.1181 31.4714
      vertex -5 -78.1181 31.4714
    endloop
  endfacet
  facet normal 0 -0.9038 -0.427955
    outer loop
      vertex -0.5 -78.1181 31.4714
      vertex -5 -78.0761 31.3827
      vertex -0.5 -78.0761 31.3827
    endloop
  endfacet
  facet normal 0 0.146696 -0.989182
    outer loop
      vertex -5 -79.1951 31.9808
      vertex -0.5 -79.098 31.9952
      vertex -0.5 -79.1951 31.9808
    endloop
  endfacet
  facet normal 0 0.146696 -0.989182
    outer loop
      vertex -0.5 -79.098 31.9952
      vertex -5 -79.1951 31.9808
      vertex -5 -79.098 31.9952
    endloop
  endfacet
  facet normal 0 -0.671607 0.740908
    outer loop
      vertex -5 -78.2929 30.2929
      vertex -0.5 -78.3656 30.227
      vertex -0.5 -78.2929 30.2929
    endloop
  endfacet
  facet normal 0 -0.671607 0.740908
    outer loop
      vertex -0.5 -78.3656 30.227
      vertex -5 -78.2929 30.2929
      vertex -5 -78.3656 30.227
    endloop
  endfacet
  facet normal 0 -0.740908 0.671607
    outer loop
      vertex -5 -78.2929 30.2929
      vertex -0.5 -78.227 30.3656
      vertex -5 -78.227 30.3656
    endloop
  endfacet
  facet normal 0 -0.740908 0.671607
    outer loop
      vertex -0.5 -78.227 30.3656
      vertex -5 -78.2929 30.2929
      vertex -0.5 -78.2929 30.2929
    endloop
  endfacet
  facet normal 0 0.941742 0.336336
    outer loop
      vertex -0.5 -79.9239 30.6173
      vertex -5 -79.9569 30.7097
      vertex -0.5 -79.9569 30.7097
    endloop
  endfacet
  facet normal 0 0.941742 0.336336
    outer loop
      vertex -5 -79.9569 30.7097
      vertex -0.5 -79.9239 30.6173
      vertex -5 -79.9239 30.6173
    endloop
  endfacet
  facet normal 0 -0.969902 -0.243494
    outer loop
      vertex -5 -78.0192 31.1951
      vertex -0.5 -78.0431 31.2903
      vertex -5 -78.0431 31.2903
    endloop
  endfacet
  facet normal 0 -0.969902 -0.243494
    outer loop
      vertex -0.5 -78.0431 31.2903
      vertex -5 -78.0192 31.1951
      vertex -0.5 -78.0192 31.1951
    endloop
  endfacet
  facet normal 0 0.941742 -0.336336
    outer loop
      vertex -0.5 -79.9569 31.2903
      vertex -5 -79.9239 31.3827
      vertex -0.5 -79.9239 31.3827
    endloop
  endfacet
  facet normal 0 0.941742 -0.336336
    outer loop
      vertex -5 -79.9239 31.3827
      vertex -0.5 -79.9569 31.2903
      vertex -5 -79.9569 31.2903
    endloop
  endfacet
  facet normal 0 -0.336336 -0.941742
    outer loop
      vertex -5 -78.7097 31.9569
      vertex -0.5 -78.6173 31.9239
      vertex -0.5 -78.7097 31.9569
    endloop
  endfacet
  facet normal -0 -0.336336 -0.941742
    outer loop
      vertex -0.5 -78.6173 31.9239
      vertex -5 -78.7097 31.9569
      vertex -5 -78.6173 31.9239
    endloop
  endfacet
  facet normal 0 -0.671607 -0.740908
    outer loop
      vertex -5 -78.3656 31.773
      vertex -0.5 -78.2929 31.7071
      vertex -0.5 -78.3656 31.773
    endloop
  endfacet
  facet normal -0 -0.671607 -0.740908
    outer loop
      vertex -0.5 -78.2929 31.7071
      vertex -5 -78.3656 31.773
      vertex -5 -78.2929 31.7071
    endloop
  endfacet
  facet normal 0 -0.989182 0.146696
    outer loop
      vertex -5 -78.0192 30.8049
      vertex -0.5 -78.0048 30.902
      vertex -5 -78.0048 30.902
    endloop
  endfacet
  facet normal 0 -0.989182 0.146696
    outer loop
      vertex -0.5 -78.0048 30.902
      vertex -5 -78.0192 30.8049
      vertex -0.5 -78.0192 30.8049
    endloop
  endfacet
  facet normal 0 0.802925 -0.59608
    outer loop
      vertex -0.5 -79.8315 31.5556
      vertex -5 -79.773 31.6344
      vertex -0.5 -79.773 31.6344
    endloop
  endfacet
  facet normal 0 0.802925 -0.59608
    outer loop
      vertex -5 -79.773 31.6344
      vertex -0.5 -79.8315 31.5556
      vertex -5 -79.8315 31.5556
    endloop
  endfacet
  facet normal 0 0.59608 -0.802925
    outer loop
      vertex -5 -79.6344 31.773
      vertex -0.5 -79.5556 31.8315
      vertex -0.5 -79.6344 31.773
    endloop
  endfacet
  facet normal 0 0.59608 -0.802925
    outer loop
      vertex -0.5 -79.5556 31.8315
      vertex -5 -79.6344 31.773
      vertex -5 -79.5556 31.8315
    endloop
  endfacet
  facet normal 0 0.969902 -0.243494
    outer loop
      vertex -0.5 -79.9808 31.1951
      vertex -5 -79.9569 31.2903
      vertex -0.5 -79.9569 31.2903
    endloop
  endfacet
  facet normal 0 0.969902 -0.243494
    outer loop
      vertex -5 -79.9569 31.2903
      vertex -0.5 -79.9808 31.1951
      vertex -5 -79.9808 31.1951
    endloop
  endfacet
  facet normal 0 -0.427955 -0.9038
    outer loop
      vertex -5 -78.6173 31.9239
      vertex -0.5 -78.5286 31.8819
      vertex -0.5 -78.6173 31.9239
    endloop
  endfacet
  facet normal -0 -0.427955 -0.9038
    outer loop
      vertex -0.5 -78.5286 31.8819
      vertex -5 -78.6173 31.9239
      vertex -5 -78.5286 31.8819
    endloop
  endfacet
  facet normal 0 -0.59608 -0.802925
    outer loop
      vertex -5 -78.4444 31.8315
      vertex -0.5 -78.3656 31.773
      vertex -0.5 -78.4444 31.8315
    endloop
  endfacet
  facet normal -0 -0.59608 -0.802925
    outer loop
      vertex -0.5 -78.3656 31.773
      vertex -5 -78.4444 31.8315
      vertex -5 -78.3656 31.773
    endloop
  endfacet
  facet normal 0 -0.146696 -0.989182
    outer loop
      vertex -5 -78.902 31.9952
      vertex -0.5 -78.8049 31.9808
      vertex -0.5 -78.902 31.9952
    endloop
  endfacet
  facet normal -0 -0.146696 -0.989182
    outer loop
      vertex -0.5 -78.8049 31.9808
      vertex -5 -78.902 31.9952
      vertex -5 -78.8049 31.9808
    endloop
  endfacet
  facet normal 0 0.740908 0.671607
    outer loop
      vertex -0.5 -79.7071 30.2929
      vertex -5 -79.773 30.3656
      vertex -0.5 -79.773 30.3656
    endloop
  endfacet
  facet normal 0 0.740908 0.671607
    outer loop
      vertex -5 -79.773 30.3656
      vertex -0.5 -79.7071 30.2929
      vertex -5 -79.7071 30.2929
    endloop
  endfacet
  facet normal 0 0.0489209 -0.998803
    outer loop
      vertex -5 -51.098 31.9952
      vertex -0.5 -51 32
      vertex -0.5 -51.098 31.9952
    endloop
  endfacet
  facet normal 0 0.0489209 -0.998803
    outer loop
      vertex -0.5 -51 32
      vertex -5 -51.098 31.9952
      vertex -5 -51 32
    endloop
  endfacet
  facet normal 0 -0.513596 -0.858032
    outer loop
      vertex -5 -50.5286 31.8819
      vertex -0.5 -50.4444 31.8315
      vertex -0.5 -50.5286 31.8819
    endloop
  endfacet
  facet normal -0 -0.513596 -0.858032
    outer loop
      vertex -0.5 -50.4444 31.8315
      vertex -5 -50.5286 31.8819
      vertex -5 -50.4444 31.8315
    endloop
  endfacet
  facet normal 0 -0.243494 0.969902
    outer loop
      vertex -5 -50.7097 30.0431
      vertex -0.5 -50.8049 30.0192
      vertex -0.5 -50.7097 30.0431
    endloop
  endfacet
  facet normal 0 -0.243494 0.969902
    outer loop
      vertex -0.5 -50.8049 30.0192
      vertex -5 -50.7097 30.0431
      vertex -5 -50.8049 30.0192
    endloop
  endfacet
  facet normal 0 0.336336 -0.941742
    outer loop
      vertex -5 -51.3827 31.9239
      vertex -0.5 -51.2903 31.9569
      vertex -0.5 -51.3827 31.9239
    endloop
  endfacet
  facet normal 0 0.336336 -0.941742
    outer loop
      vertex -0.5 -51.2903 31.9569
      vertex -5 -51.3827 31.9239
      vertex -5 -51.2903 31.9569
    endloop
  endfacet
  facet normal 0 0.989182 -0.146696
    outer loop
      vertex -0.5 -51.9952 31.098
      vertex -5 -51.9808 31.1951
      vertex -0.5 -51.9808 31.1951
    endloop
  endfacet
  facet normal 0 0.989182 -0.146696
    outer loop
      vertex -5 -51.9808 31.1951
      vertex -0.5 -51.9952 31.098
      vertex -5 -51.9952 31.098
    endloop
  endfacet
  facet normal 0 -0.59608 0.802925
    outer loop
      vertex -5 -50.3656 30.227
      vertex -0.5 -50.4444 30.1685
      vertex -0.5 -50.3656 30.227
    endloop
  endfacet
  facet normal 0 -0.59608 0.802925
    outer loop
      vertex -0.5 -50.4444 30.1685
      vertex -5 -50.3656 30.227
      vertex -5 -50.4444 30.1685
    endloop
  endfacet
  facet normal 0 -0.0489209 0.998803
    outer loop
      vertex -5 -50.902 30.0048
      vertex -0.5 -51 30
      vertex -0.5 -50.902 30.0048
    endloop
  endfacet
  facet normal 0 -0.0489209 0.998803
    outer loop
      vertex -0.5 -51 30
      vertex -5 -50.902 30.0048
      vertex -5 -51 30
    endloop
  endfacet
  facet normal -0 0.336336 0.941742
    outer loop
      vertex -5 -51.2903 30.0431
      vertex -0.5 -51.3827 30.0761
      vertex -0.5 -51.2903 30.0431
    endloop
  endfacet
  facet normal 0 0.336336 0.941742
    outer loop
      vertex -0.5 -51.3827 30.0761
      vertex -5 -51.2903 30.0431
      vertex -5 -51.3827 30.0761
    endloop
  endfacet
  facet normal 0 -0.989182 0.146696
    outer loop
      vertex -5 -50.0192 30.8049
      vertex -0.5 -50.0048 30.902
      vertex -5 -50.0048 30.902
    endloop
  endfacet
  facet normal 0 -0.989182 0.146696
    outer loop
      vertex -0.5 -50.0048 30.902
      vertex -5 -50.0192 30.8049
      vertex -0.5 -50.0192 30.8049
    endloop
  endfacet
  facet normal 0 0.9038 0.427955
    outer loop
      vertex -0.5 -51.8819 30.5286
      vertex -5 -51.9239 30.6173
      vertex -0.5 -51.9239 30.6173
    endloop
  endfacet
  facet normal 0 0.9038 0.427955
    outer loop
      vertex -5 -51.9239 30.6173
      vertex -0.5 -51.8819 30.5286
      vertex -5 -51.8819 30.5286
    endloop
  endfacet
  facet normal 0 -0.802925 -0.59608
    outer loop
      vertex -5 -50.1685 31.5556
      vertex -0.5 -50.227 31.6344
      vertex -5 -50.227 31.6344
    endloop
  endfacet
  facet normal 0 -0.802925 -0.59608
    outer loop
      vertex -0.5 -50.227 31.6344
      vertex -5 -50.1685 31.5556
      vertex -0.5 -50.1685 31.5556
    endloop
  endfacet
  facet normal 0 0.989182 0.146696
    outer loop
      vertex -0.5 -51.9808 30.8049
      vertex -5 -51.9952 30.902
      vertex -0.5 -51.9952 30.902
    endloop
  endfacet
  facet normal 0 0.989182 0.146696
    outer loop
      vertex -5 -51.9952 30.902
      vertex -0.5 -51.9808 30.8049
      vertex -5 -51.9808 30.8049
    endloop
  endfacet
  facet normal 0 0.858032 -0.513596
    outer loop
      vertex -0.5 -51.8819 31.4714
      vertex -5 -51.8315 31.5556
      vertex -0.5 -51.8315 31.5556
    endloop
  endfacet
  facet normal 0 0.858032 -0.513596
    outer loop
      vertex -5 -51.8315 31.5556
      vertex -0.5 -51.8819 31.4714
      vertex -5 -51.8819 31.4714
    endloop
  endfacet
  facet normal 0 -0.243494 -0.969902
    outer loop
      vertex -5 -50.8049 31.9808
      vertex -0.5 -50.7097 31.9569
      vertex -0.5 -50.8049 31.9808
    endloop
  endfacet
  facet normal -0 -0.243494 -0.969902
    outer loop
      vertex -0.5 -50.7097 31.9569
      vertex -5 -50.8049 31.9808
      vertex -5 -50.7097 31.9569
    endloop
  endfacet
  facet normal 0 0.858032 0.513596
    outer loop
      vertex -0.5 -51.8315 30.4444
      vertex -5 -51.8819 30.5286
      vertex -0.5 -51.8819 30.5286
    endloop
  endfacet
  facet normal 0 0.858032 0.513596
    outer loop
      vertex -5 -51.8819 30.5286
      vertex -0.5 -51.8315 30.4444
      vertex -5 -51.8315 30.4444
    endloop
  endfacet
  facet normal 0 0.998803 -0.0489209
    outer loop
      vertex -0.5 -52 31
      vertex -5 -51.9952 31.098
      vertex -0.5 -51.9952 31.098
    endloop
  endfacet
  facet normal 0 0.998803 -0.0489209
    outer loop
      vertex -5 -51.9952 31.098
      vertex -0.5 -52 31
      vertex -5 -52 31
    endloop
  endfacet
  facet normal 0 -0.989182 -0.146696
    outer loop
      vertex -5 -50.0048 31.098
      vertex -0.5 -50.0192 31.1951
      vertex -5 -50.0192 31.1951
    endloop
  endfacet
  facet normal 0 -0.989182 -0.146696
    outer loop
      vertex -0.5 -50.0192 31.1951
      vertex -5 -50.0048 31.098
      vertex -0.5 -50.0048 31.098
    endloop
  endfacet
  facet normal -0 0.671607 0.740908
    outer loop
      vertex -5 -51.6344 30.227
      vertex -0.5 -51.7071 30.2929
      vertex -0.5 -51.6344 30.227
    endloop
  endfacet
  facet normal 0 0.671607 0.740908
    outer loop
      vertex -0.5 -51.7071 30.2929
      vertex -5 -51.6344 30.227
      vertex -5 -51.7071 30.2929
    endloop
  endfacet
  facet normal 0 -0.941742 0.336336
    outer loop
      vertex -5 -50.0761 30.6173
      vertex -0.5 -50.0431 30.7097
      vertex -5 -50.0431 30.7097
    endloop
  endfacet
  facet normal 0 -0.941742 0.336336
    outer loop
      vertex -0.5 -50.0431 30.7097
      vertex -5 -50.0761 30.6173
      vertex -0.5 -50.0761 30.6173
    endloop
  endfacet
  facet normal 0 -0.427955 0.9038
    outer loop
      vertex -5 -50.5286 30.1181
      vertex -0.5 -50.6173 30.0761
      vertex -0.5 -50.5286 30.1181
    endloop
  endfacet
  facet normal 0 -0.427955 0.9038
    outer loop
      vertex -0.5 -50.6173 30.0761
      vertex -5 -50.5286 30.1181
      vertex -5 -50.6173 30.0761
    endloop
  endfacet
  facet normal 0 -0.802925 0.59608
    outer loop
      vertex -5 -50.227 30.3656
      vertex -0.5 -50.1685 30.4444
      vertex -5 -50.1685 30.4444
    endloop
  endfacet
  facet normal 0 -0.802925 0.59608
    outer loop
      vertex -0.5 -50.1685 30.4444
      vertex -5 -50.227 30.3656
      vertex -0.5 -50.227 30.3656
    endloop
  endfacet
  facet normal 0 -0.969902 0.243494
    outer loop
      vertex -5 -50.0431 30.7097
      vertex -0.5 -50.0192 30.8049
      vertex -5 -50.0192 30.8049
    endloop
  endfacet
  facet normal 0 -0.969902 0.243494
    outer loop
      vertex -0.5 -50.0192 30.8049
      vertex -5 -50.0431 30.7097
      vertex -0.5 -50.0431 30.7097
    endloop
  endfacet
  facet normal 0 0.243494 -0.969902
    outer loop
      vertex -5 -51.2903 31.9569
      vertex -0.5 -51.1951 31.9808
      vertex -0.5 -51.2903 31.9569
    endloop
  endfacet
  facet normal 0 0.243494 -0.969902
    outer loop
      vertex -0.5 -51.1951 31.9808
      vertex -5 -51.2903 31.9569
      vertex -5 -51.1951 31.9808
    endloop
  endfacet
  facet normal 0 -0.858032 -0.513596
    outer loop
      vertex -5 -50.1181 31.4714
      vertex -0.5 -50.1685 31.5556
      vertex -5 -50.1685 31.5556
    endloop
  endfacet
  facet normal 0 -0.858032 -0.513596
    outer loop
      vertex -0.5 -50.1685 31.5556
      vertex -5 -50.1181 31.4714
      vertex -0.5 -50.1181 31.4714
    endloop
  endfacet
  facet normal 0 0.513596 -0.858032
    outer loop
      vertex -5 -51.5556 31.8315
      vertex -0.5 -51.4714 31.8819
      vertex -0.5 -51.5556 31.8315
    endloop
  endfacet
  facet normal 0 0.513596 -0.858032
    outer loop
      vertex -0.5 -51.4714 31.8819
      vertex -5 -51.5556 31.8315
      vertex -5 -51.4714 31.8819
    endloop
  endfacet
  facet normal 0 0.969902 0.243494
    outer loop
      vertex -0.5 -51.9569 30.7097
      vertex -5 -51.9808 30.8049
      vertex -0.5 -51.9808 30.8049
    endloop
  endfacet
  facet normal 0 0.969902 0.243494
    outer loop
      vertex -5 -51.9808 30.8049
      vertex -0.5 -51.9569 30.7097
      vertex -5 -51.9569 30.7097
    endloop
  endfacet
  facet normal 0 -0.858032 0.513596
    outer loop
      vertex -5 -50.1685 30.4444
      vertex -0.5 -50.1181 30.5286
      vertex -5 -50.1181 30.5286
    endloop
  endfacet
  facet normal 0 -0.858032 0.513596
    outer loop
      vertex -0.5 -50.1181 30.5286
      vertex -5 -50.1685 30.4444
      vertex -0.5 -50.1685 30.4444
    endloop
  endfacet
  facet normal -0 0.427955 0.9038
    outer loop
      vertex -5 -51.3827 30.0761
      vertex -0.5 -51.4714 30.1181
      vertex -0.5 -51.3827 30.0761
    endloop
  endfacet
  facet normal 0 0.427955 0.9038
    outer loop
      vertex -0.5 -51.4714 30.1181
      vertex -5 -51.3827 30.0761
      vertex -5 -51.4714 30.1181
    endloop
  endfacet
  facet normal -0 0.0489209 0.998803
    outer loop
      vertex -5 -51 30
      vertex -0.5 -51.098 30.0048
      vertex -0.5 -51 30
    endloop
  endfacet
  facet normal 0 0.0489209 0.998803
    outer loop
      vertex -0.5 -51.098 30.0048
      vertex -5 -51 30
      vertex -5 -51.098 30.0048
    endloop
  endfacet
  facet normal -0 0.513596 0.858032
    outer loop
      vertex -5 -51.4714 30.1181
      vertex -0.5 -51.5556 30.1685
      vertex -0.5 -51.4714 30.1181
    endloop
  endfacet
  facet normal 0 0.513596 0.858032
    outer loop
      vertex -0.5 -51.5556 30.1685
      vertex -5 -51.4714 30.1181
      vertex -5 -51.5556 30.1685
    endloop
  endfacet
  facet normal 0 -0.941742 -0.336336
    outer loop
      vertex -5 -50.0431 31.2903
      vertex -0.5 -50.0761 31.3827
      vertex -5 -50.0761 31.3827
    endloop
  endfacet
  facet normal 0 -0.941742 -0.336336
    outer loop
      vertex -0.5 -50.0761 31.3827
      vertex -5 -50.0431 31.2903
      vertex -0.5 -50.0431 31.2903
    endloop
  endfacet
  facet normal 0 -0.146696 0.989182
    outer loop
      vertex -5 -50.8049 30.0192
      vertex -0.5 -50.902 30.0048
      vertex -0.5 -50.8049 30.0192
    endloop
  endfacet
  facet normal 0 -0.146696 0.989182
    outer loop
      vertex -0.5 -50.902 30.0048
      vertex -5 -50.8049 30.0192
      vertex -5 -50.902 30.0048
    endloop
  endfacet
  facet normal 0 -0.336336 0.941742
    outer loop
      vertex -5 -50.6173 30.0761
      vertex -0.5 -50.7097 30.0431
      vertex -0.5 -50.6173 30.0761
    endloop
  endfacet
  facet normal 0 -0.336336 0.941742
    outer loop
      vertex -0.5 -50.7097 30.0431
      vertex -5 -50.6173 30.0761
      vertex -5 -50.7097 30.0431
    endloop
  endfacet
  facet normal -0 0.243494 0.969902
    outer loop
      vertex -5 -51.1951 30.0192
      vertex -0.5 -51.2903 30.0431
      vertex -0.5 -51.1951 30.0192
    endloop
  endfacet
  facet normal 0 0.243494 0.969902
    outer loop
      vertex -0.5 -51.2903 30.0431
      vertex -5 -51.1951 30.0192
      vertex -5 -51.2903 30.0431
    endloop
  endfacet
  facet normal -0 0.146696 0.989182
    outer loop
      vertex -5 -51.098 30.0048
      vertex -0.5 -51.1951 30.0192
      vertex -0.5 -51.098 30.0048
    endloop
  endfacet
  facet normal 0 0.146696 0.989182
    outer loop
      vertex -0.5 -51.1951 30.0192
      vertex -5 -51.098 30.0048
      vertex -5 -51.1951 30.0192
    endloop
  endfacet
  facet normal 0 0.671607 -0.740908
    outer loop
      vertex -5 -51.7071 31.7071
      vertex -0.5 -51.6344 31.773
      vertex -0.5 -51.7071 31.7071
    endloop
  endfacet
  facet normal 0 0.671607 -0.740908
    outer loop
      vertex -0.5 -51.6344 31.773
      vertex -5 -51.7071 31.7071
      vertex -5 -51.6344 31.773
    endloop
  endfacet
  facet normal 0 0.740908 -0.671607
    outer loop
      vertex -0.5 -51.773 31.6344
      vertex -5 -51.7071 31.7071
      vertex -0.5 -51.7071 31.7071
    endloop
  endfacet
  facet normal 0 0.740908 -0.671607
    outer loop
      vertex -5 -51.7071 31.7071
      vertex -0.5 -51.773 31.6344
      vertex -5 -51.773 31.6344
    endloop
  endfacet
  facet normal 0 0.998803 0.0489209
    outer loop
      vertex -0.5 -51.9952 30.902
      vertex -5 -52 31
      vertex -0.5 -52 31
    endloop
  endfacet
  facet normal 0 0.998803 0.0489209
    outer loop
      vertex -5 -52 31
      vertex -0.5 -51.9952 30.902
      vertex -5 -51.9952 30.902
    endloop
  endfacet
  facet normal -0 0.59608 0.802925
    outer loop
      vertex -5 -51.5556 30.1685
      vertex -0.5 -51.6344 30.227
      vertex -0.5 -51.5556 30.1685
    endloop
  endfacet
  facet normal 0 0.59608 0.802925
    outer loop
      vertex -0.5 -51.6344 30.227
      vertex -5 -51.5556 30.1685
      vertex -5 -51.6344 30.227
    endloop
  endfacet
  facet normal 0 0.427955 -0.9038
    outer loop
      vertex -5 -51.4714 31.8819
      vertex -0.5 -51.3827 31.9239
      vertex -0.5 -51.4714 31.8819
    endloop
  endfacet
  facet normal 0 0.427955 -0.9038
    outer loop
      vertex -0.5 -51.3827 31.9239
      vertex -5 -51.4714 31.8819
      vertex -5 -51.3827 31.9239
    endloop
  endfacet
  facet normal 0 -0.998803 -0.0489209
    outer loop
      vertex -5 -50 31
      vertex -0.5 -50.0048 31.098
      vertex -5 -50.0048 31.098
    endloop
  endfacet
  facet normal 0 -0.998803 -0.0489209
    outer loop
      vertex -0.5 -50.0048 31.098
      vertex -5 -50 31
      vertex -0.5 -50 31
    endloop
  endfacet
  facet normal 0 -0.0489209 -0.998803
    outer loop
      vertex -5 -51 32
      vertex -0.5 -50.902 31.9952
      vertex -0.5 -51 32
    endloop
  endfacet
  facet normal -0 -0.0489209 -0.998803
    outer loop
      vertex -0.5 -50.902 31.9952
      vertex -5 -51 32
      vertex -5 -50.902 31.9952
    endloop
  endfacet
  facet normal 0 -0.9038 0.427955
    outer loop
      vertex -5 -50.1181 30.5286
      vertex -0.5 -50.0761 30.6173
      vertex -5 -50.0761 30.6173
    endloop
  endfacet
  facet normal 0 -0.9038 0.427955
    outer loop
      vertex -0.5 -50.0761 30.6173
      vertex -5 -50.1181 30.5286
      vertex -0.5 -50.1181 30.5286
    endloop
  endfacet
  facet normal 0 -0.998803 0.0489209
    outer loop
      vertex -5 -50.0048 30.902
      vertex -0.5 -50 31
      vertex -5 -50 31
    endloop
  endfacet
  facet normal 0 -0.998803 0.0489209
    outer loop
      vertex -0.5 -50 31
      vertex -5 -50.0048 30.902
      vertex -0.5 -50.0048 30.902
    endloop
  endfacet
  facet normal 0 -0.513596 0.858032
    outer loop
      vertex -5 -50.4444 30.1685
      vertex -0.5 -50.5286 30.1181
      vertex -0.5 -50.4444 30.1685
    endloop
  endfacet
  facet normal 0 -0.513596 0.858032
    outer loop
      vertex -0.5 -50.5286 30.1181
      vertex -5 -50.4444 30.1685
      vertex -5 -50.5286 30.1181
    endloop
  endfacet
  facet normal 0 0.802925 0.59608
    outer loop
      vertex -0.5 -51.773 30.3656
      vertex -5 -51.8315 30.4444
      vertex -0.5 -51.8315 30.4444
    endloop
  endfacet
  facet normal 0 0.802925 0.59608
    outer loop
      vertex -5 -51.8315 30.4444
      vertex -0.5 -51.773 30.3656
      vertex -5 -51.773 30.3656
    endloop
  endfacet
  facet normal 0 0.9038 -0.427955
    outer loop
      vertex -0.5 -51.9239 31.3827
      vertex -5 -51.8819 31.4714
      vertex -0.5 -51.8819 31.4714
    endloop
  endfacet
  facet normal 0 0.9038 -0.427955
    outer loop
      vertex -5 -51.8819 31.4714
      vertex -0.5 -51.9239 31.3827
      vertex -5 -51.9239 31.3827
    endloop
  endfacet
  facet normal 0 -0.740908 -0.671607
    outer loop
      vertex -5 -50.227 31.6344
      vertex -0.5 -50.2929 31.7071
      vertex -5 -50.2929 31.7071
    endloop
  endfacet
  facet normal 0 -0.740908 -0.671607
    outer loop
      vertex -0.5 -50.2929 31.7071
      vertex -5 -50.227 31.6344
      vertex -0.5 -50.227 31.6344
    endloop
  endfacet
  facet normal 0 -0.9038 -0.427955
    outer loop
      vertex -5 -50.0761 31.3827
      vertex -0.5 -50.1181 31.4714
      vertex -5 -50.1181 31.4714
    endloop
  endfacet
  facet normal 0 -0.9038 -0.427955
    outer loop
      vertex -0.5 -50.1181 31.4714
      vertex -5 -50.0761 31.3827
      vertex -0.5 -50.0761 31.3827
    endloop
  endfacet
  facet normal 0 0.146696 -0.989182
    outer loop
      vertex -5 -51.1951 31.9808
      vertex -0.5 -51.098 31.9952
      vertex -0.5 -51.1951 31.9808
    endloop
  endfacet
  facet normal 0 0.146696 -0.989182
    outer loop
      vertex -0.5 -51.098 31.9952
      vertex -5 -51.1951 31.9808
      vertex -5 -51.098 31.9952
    endloop
  endfacet
  facet normal 0 -0.671607 0.740908
    outer loop
      vertex -5 -50.2929 30.2929
      vertex -0.5 -50.3656 30.227
      vertex -0.5 -50.2929 30.2929
    endloop
  endfacet
  facet normal 0 -0.671607 0.740908
    outer loop
      vertex -0.5 -50.3656 30.227
      vertex -5 -50.2929 30.2929
      vertex -5 -50.3656 30.227
    endloop
  endfacet
  facet normal 0 -0.740908 0.671607
    outer loop
      vertex -5 -50.2929 30.2929
      vertex -0.5 -50.227 30.3656
      vertex -5 -50.227 30.3656
    endloop
  endfacet
  facet normal 0 -0.740908 0.671607
    outer loop
      vertex -0.5 -50.227 30.3656
      vertex -5 -50.2929 30.2929
      vertex -0.5 -50.2929 30.2929
    endloop
  endfacet
  facet normal 0 0.941742 0.336336
    outer loop
      vertex -0.5 -51.9239 30.6173
      vertex -5 -51.9569 30.7097
      vertex -0.5 -51.9569 30.7097
    endloop
  endfacet
  facet normal 0 0.941742 0.336336
    outer loop
      vertex -5 -51.9569 30.7097
      vertex -0.5 -51.9239 30.6173
      vertex -5 -51.9239 30.6173
    endloop
  endfacet
  facet normal 0 -0.969902 -0.243494
    outer loop
      vertex -5 -50.0192 31.1951
      vertex -0.5 -50.0431 31.2903
      vertex -5 -50.0431 31.2903
    endloop
  endfacet
  facet normal 0 -0.969902 -0.243494
    outer loop
      vertex -0.5 -50.0431 31.2903
      vertex -5 -50.0192 31.1951
      vertex -0.5 -50.0192 31.1951
    endloop
  endfacet
  facet normal 0 0.941742 -0.336336
    outer loop
      vertex -0.5 -51.9569 31.2903
      vertex -5 -51.9239 31.3827
      vertex -0.5 -51.9239 31.3827
    endloop
  endfacet
  facet normal 0 0.941742 -0.336336
    outer loop
      vertex -5 -51.9239 31.3827
      vertex -0.5 -51.9569 31.2903
      vertex -5 -51.9569 31.2903
    endloop
  endfacet
  facet normal 0 -0.336336 -0.941742
    outer loop
      vertex -5 -50.7097 31.9569
      vertex -0.5 -50.6173 31.9239
      vertex -0.5 -50.7097 31.9569
    endloop
  endfacet
  facet normal -0 -0.336336 -0.941742
    outer loop
      vertex -0.5 -50.6173 31.9239
      vertex -5 -50.7097 31.9569
      vertex -5 -50.6173 31.9239
    endloop
  endfacet
  facet normal 0 -0.671607 -0.740908
    outer loop
      vertex -5 -50.3656 31.773
      vertex -0.5 -50.2929 31.7071
      vertex -0.5 -50.3656 31.773
    endloop
  endfacet
  facet normal -0 -0.671607 -0.740908
    outer loop
      vertex -0.5 -50.2929 31.7071
      vertex -5 -50.3656 31.773
      vertex -5 -50.2929 31.7071
    endloop
  endfacet
  facet normal 0 0.802925 -0.59608
    outer loop
      vertex -0.5 -51.8315 31.5556
      vertex -5 -51.773 31.6344
      vertex -0.5 -51.773 31.6344
    endloop
  endfacet
  facet normal 0 0.802925 -0.59608
    outer loop
      vertex -5 -51.773 31.6344
      vertex -0.5 -51.8315 31.5556
      vertex -5 -51.8315 31.5556
    endloop
  endfacet
  facet normal 0 0.59608 -0.802925
    outer loop
      vertex -5 -51.6344 31.773
      vertex -0.5 -51.5556 31.8315
      vertex -0.5 -51.6344 31.773
    endloop
  endfacet
  facet normal 0 0.59608 -0.802925
    outer loop
      vertex -0.5 -51.5556 31.8315
      vertex -5 -51.6344 31.773
      vertex -5 -51.5556 31.8315
    endloop
  endfacet
  facet normal 0 0.969902 -0.243494
    outer loop
      vertex -0.5 -51.9808 31.1951
      vertex -5 -51.9569 31.2903
      vertex -0.5 -51.9569 31.2903
    endloop
  endfacet
  facet normal 0 0.969902 -0.243494
    outer loop
      vertex -5 -51.9569 31.2903
      vertex -0.5 -51.9808 31.1951
      vertex -5 -51.9808 31.1951
    endloop
  endfacet
  facet normal 0 -0.427955 -0.9038
    outer loop
      vertex -5 -50.6173 31.9239
      vertex -0.5 -50.5286 31.8819
      vertex -0.5 -50.6173 31.9239
    endloop
  endfacet
  facet normal -0 -0.427955 -0.9038
    outer loop
      vertex -0.5 -50.5286 31.8819
      vertex -5 -50.6173 31.9239
      vertex -5 -50.5286 31.8819
    endloop
  endfacet
  facet normal 0 -0.59608 -0.802925
    outer loop
      vertex -5 -50.4444 31.8315
      vertex -0.5 -50.3656 31.773
      vertex -0.5 -50.4444 31.8315
    endloop
  endfacet
  facet normal -0 -0.59608 -0.802925
    outer loop
      vertex -0.5 -50.3656 31.773
      vertex -5 -50.4444 31.8315
      vertex -5 -50.3656 31.773
    endloop
  endfacet
  facet normal 0 -0.146696 -0.989182
    outer loop
      vertex -5 -50.902 31.9952
      vertex -0.5 -50.8049 31.9808
      vertex -0.5 -50.902 31.9952
    endloop
  endfacet
  facet normal -0 -0.146696 -0.989182
    outer loop
      vertex -0.5 -50.8049 31.9808
      vertex -5 -50.902 31.9952
      vertex -5 -50.8049 31.9808
    endloop
  endfacet
  facet normal 0 0.740908 0.671607
    outer loop
      vertex -0.5 -51.7071 30.2929
      vertex -5 -51.773 30.3656
      vertex -0.5 -51.773 30.3656
    endloop
  endfacet
  facet normal 0 0.740908 0.671607
    outer loop
      vertex -5 -51.773 30.3656
      vertex -0.5 -51.7071 30.2929
      vertex -5 -51.7071 30.2929
    endloop
  endfacet
  facet normal 0 0 -1
    outer loop
      vertex -5 -81 5.2
      vertex -0.5 -46 5.2
      vertex -0.5 -81 5.2
    endloop
  endfacet
  facet normal -0 0 -1
    outer loop
      vertex -0.5 -46 5.2
      vertex -5 -81 5.2
      vertex -5 -46 5.2
    endloop
  endfacet
  facet normal -0 0 1
    outer loop
      vertex -5 -46 0
      vertex -0.5 -81 0
      vertex -0.5 -46 0
    endloop
  endfacet
  facet normal 0 0 1
    outer loop
      vertex -0.5 -81 0
      vertex -5 -46 0
      vertex -5 -81 0
    endloop
  endfacet
  facet normal 0 -1 0
    outer loop
      vertex -5 -46 0
      vertex -0.5 -46 5.2
      vertex -5 -46 5.2
    endloop
  endfacet
  facet normal 0 -1 -0
    outer loop
      vertex -0.5 -46 5.2
      vertex -5 -46 0
      vertex -0.5 -46 0
    endloop
  endfacet
  facet normal 0 1 -0
    outer loop
      vertex 30.5 -81 -6
      vertex -0.5 -81 0
      vertex 30.5 -81 0
    endloop
  endfacet
  facet normal 0 1 0
    outer loop
      vertex -0.5 -81 0
      vertex 30.5 -81 -6
      vertex -0.5 -81 -6
    endloop
  endfacet
  facet normal 0 1 0
    outer loop
      vertex 30.5 -81 0
      vertex 30.5 -81 5.2
      vertex 35 -81 5.2
    endloop
  endfacet
  facet normal 0 1 0
    outer loop
      vertex 30.5 -81 5.2
      vertex 30.5 -81 0
      vertex -0.5 -81 5.2
    endloop
  endfacet
  facet normal 0 1 0
    outer loop
      vertex 30.5 -81 0
      vertex 35 -81 5.2
      vertex 35 -81 0
    endloop
  endfacet
  facet normal 0 1 0
    outer loop
      vertex -0.5 -81 0
      vertex -0.5 -81 5.2
      vertex 30.5 -81 0
    endloop
  endfacet
  facet normal 0 1 0
    outer loop
      vertex -0.5 -81 5.2
      vertex -0.5 -81 0
      vertex -5 -81 5.2
    endloop
  endfacet
  facet normal 0 1 0
    outer loop
      vertex -5 -81 5.2
      vertex -0.5 -81 0
      vertex -5 -81 0
    endloop
  endfacet
  facet normal 0 1 -0
    outer loop
      vertex 30.5 -81 5.2
      vertex -0.5 -81 41.5
      vertex 30.5 -81 41.5
    endloop
  endfacet
  facet normal 0 1 0
    outer loop
      vertex -0.5 -81 41.5
      vertex 30.5 -81 5.2
      vertex -0.5 -81 5.2
    endloop
  endfacet
  facet normal -1 0 0
    outer loop
      vertex 30.5 -31.0192 12.1951
      vertex 30.5 -29 26
      vertex 30.5 -31.0048 12.098
    endloop
  endfacet
  facet normal -1 0 0
    outer loop
      vertex 30.5 -29 26
      vertex 30.5 -31.0048 21.902
      vertex 30.5 -31 22
    endloop
  endfacet
  facet normal -1 0 0
    outer loop
      vertex 30.5 -31.0431 12.2903
      vertex 30.5 -29 26
      vertex 30.5 -31.0192 12.1951
    endloop
  endfacet
  facet normal -1 0 0
    outer loop
      vertex 30.5 -29 26
      vertex 30.5 -31.0192 21.8049
      vertex 30.5 -31.0048 21.902
    endloop
  endfacet
  facet normal -1 0 0
    outer loop
      vertex 30.5 -31.0431 21.7097
      vertex 30.5 -29 26
      vertex 30.5 -31.0431 12.2903
    endloop
  endfacet
  facet normal -1 0 0
    outer loop
      vertex 30.5 -29 26
      vertex 30.5 -31.0431 21.7097
      vertex 30.5 -31.0192 21.8049
    endloop
  endfacet
  facet normal -1 0 0
    outer loop
      vertex 30.5 -31.0761 12.3827
      vertex 30.5 -31.0431 21.7097
      vertex 30.5 -31.0431 12.2903
    endloop
  endfacet
  facet normal -1 0 0
    outer loop
      vertex 30.5 -31.0761 12.3827
      vertex 30.5 -31.0761 21.6173
      vertex 30.5 -31.0431 21.7097
    endloop
  endfacet
  facet normal -1 0 0
    outer loop
      vertex 30.5 -31.1181 12.4714
      vertex 30.5 -31.0761 21.6173
      vertex 30.5 -31.0761 12.3827
    endloop
  endfacet
  facet normal -1 0 0
    outer loop
      vertex 30.5 -31.1181 12.4714
      vertex 30.5 -31.1181 21.5286
      vertex 30.5 -31.0761 21.6173
    endloop
  endfacet
  facet normal -1 0 0
    outer loop
      vertex 30.5 -31.1685 12.5556
      vertex 30.5 -31.1181 21.5286
      vertex 30.5 -31.1181 12.4714
    endloop
  endfacet
  facet normal -1 0 0
    outer loop
      vertex 30.5 -31.1685 12.5556
      vertex 30.5 -31.1685 21.4444
      vertex 30.5 -31.1181 21.5286
    endloop
  endfacet
  facet normal -1 0 0
    outer loop
      vertex 30.5 -31.227 12.6344
      vertex 30.5 -31.1685 21.4444
      vertex 30.5 -31.1685 12.5556
    endloop
  endfacet
  facet normal -1 0 0
    outer loop
      vertex 30.5 -31.227 12.6344
      vertex 30.5 -31.227 21.3656
      vertex 30.5 -31.1685 21.4444
    endloop
  endfacet
  facet normal -1 0 0
    outer loop
      vertex 30.5 -31.2929 12.7071
      vertex 30.5 -31.227 21.3656
      vertex 30.5 -31.227 12.6344
    endloop
  endfacet
  facet normal -1 0 0
    outer loop
      vertex 30.5 -31.2929 12.7071
      vertex 30.5 -31.2929 21.2929
      vertex 30.5 -31.227 21.3656
    endloop
  endfacet
  facet normal -1 0 0
    outer loop
      vertex 30.5 -31.3656 12.773
      vertex 30.5 -31.2929 21.2929
      vertex 30.5 -31.2929 12.7071
    endloop
  endfacet
  facet normal -1 0 0
    outer loop
      vertex 30.5 -31.3656 12.773
      vertex 30.5 -31.3656 21.227
      vertex 30.5 -31.2929 21.2929
    endloop
  endfacet
  facet normal -1 0 0
    outer loop
      vertex 30.5 -31.4444 12.8315
      vertex 30.5 -31.3656 21.227
      vertex 30.5 -31.3656 12.773
    endloop
  endfacet
  facet normal -1 0 0
    outer loop
      vertex 30.5 -31.4444 12.8315
      vertex 30.5 -31.4444 21.1685
      vertex 30.5 -31.3656 21.227
    endloop
  endfacet
  facet normal -1 0 0
    outer loop
      vertex 30.5 -31.5286 12.8819
      vertex 30.5 -31.4444 21.1685
      vertex 30.5 -31.4444 12.8315
    endloop
  endfacet
  facet normal -1 0 0
    outer loop
      vertex 30.5 -31.5286 12.8819
      vertex 30.5 -31.5286 21.1181
      vertex 30.5 -31.4444 21.1685
    endloop
  endfacet
  facet normal -1 0 0
    outer loop
      vertex 30.5 -31.6173 12.9239
      vertex 30.5 -31.5286 21.1181
      vertex 30.5 -31.5286 12.8819
    endloop
  endfacet
  facet normal -1 0 0
    outer loop
      vertex 30.5 -31.6173 12.9239
      vertex 30.5 -31.6173 21.0761
      vertex 30.5 -31.5286 21.1181
    endloop
  endfacet
  facet normal -1 0 0
    outer loop
      vertex 30.5 -31.7097 12.9569
      vertex 30.5 -31.6173 21.0761
      vertex 30.5 -31.6173 12.9239
    endloop
  endfacet
  facet normal -1 0 0
    outer loop
      vertex 30.5 -31.7097 12.9569
      vertex 30.5 -31.7097 21.0431
      vertex 30.5 -31.6173 21.0761
    endloop
  endfacet
  facet normal -1 0 0
    outer loop
      vertex 30.5 -31.8049 12.9808
      vertex 30.5 -31.7097 21.0431
      vertex 30.5 -31.7097 12.9569
    endloop
  endfacet
  facet normal -1 0 0
    outer loop
      vertex 30.5 -31.8049 12.9808
      vertex 30.5 -31.8049 21.0192
      vertex 30.5 -31.7097 21.0431
    endloop
  endfacet
  facet normal -1 0 0
    outer loop
      vertex 30.5 -31.902 12.9952
      vertex 30.5 -31.8049 21.0192
      vertex 30.5 -31.8049 12.9808
    endloop
  endfacet
  facet normal -1 0 0
    outer loop
      vertex 30.5 -31.902 12.9952
      vertex 30.5 -31.902 21.0048
      vertex 30.5 -31.8049 21.0192
    endloop
  endfacet
  facet normal -1 0 0
    outer loop
      vertex 30.5 -32 13
      vertex 30.5 -31.902 21.0048
      vertex 30.5 -31.902 12.9952
    endloop
  endfacet
  facet normal -1 0 0
    outer loop
      vertex 30.5 -32 13
      vertex 30.5 -32 21
      vertex 30.5 -31.902 21.0048
    endloop
  endfacet
  facet normal -1 0 0
    outer loop
      vertex 30.5 -32.098 12.9952
      vertex 30.5 -32 21
      vertex 30.5 -32 13
    endloop
  endfacet
  facet normal -1 0 0
    outer loop
      vertex 30.5 -32.098 12.9952
      vertex 30.5 -32.098 21.0048
      vertex 30.5 -32 21
    endloop
  endfacet
  facet normal -1 0 0
    outer loop
      vertex 30.5 -32.1951 12.9808
      vertex 30.5 -32.098 21.0048
      vertex 30.5 -32.098 12.9952
    endloop
  endfacet
  facet normal -1 0 0
    outer loop
      vertex 30.5 -32.1951 12.9808
      vertex 30.5 -32.1951 21.0192
      vertex 30.5 -32.098 21.0048
    endloop
  endfacet
  facet normal -1 0 0
    outer loop
      vertex 30.5 -32.2903 12.9569
      vertex 30.5 -32.1951 21.0192
      vertex 30.5 -32.1951 12.9808
    endloop
  endfacet
  facet normal -1 0 0
    outer loop
      vertex 30.5 -32.2903 12.9569
      vertex 30.5 -32.2903 21.0431
      vertex 30.5 -32.1951 21.0192
    endloop
  endfacet
  facet normal -1 0 0
    outer loop
      vertex 30.5 -32.3827 12.9239
      vertex 30.5 -32.2903 21.0431
      vertex 30.5 -32.2903 12.9569
    endloop
  endfacet
  facet normal -1 0 0
    outer loop
      vertex 30.5 -32.3827 12.9239
      vertex 30.5 -32.3827 21.0761
      vertex 30.5 -32.2903 21.0431
    endloop
  endfacet
  facet normal -1 0 0
    outer loop
      vertex 30.5 -32.4714 12.8819
      vertex 30.5 -32.3827 21.0761
      vertex 30.5 -32.3827 12.9239
    endloop
  endfacet
  facet normal -1 0 0
    outer loop
      vertex 30.5 -32.4714 12.8819
      vertex 30.5 -32.4714 21.1181
      vertex 30.5 -32.3827 21.0761
    endloop
  endfacet
  facet normal -1 0 0
    outer loop
      vertex 30.5 -32.5556 12.8315
      vertex 30.5 -32.4714 21.1181
      vertex 30.5 -32.4714 12.8819
    endloop
  endfacet
  facet normal -1 0 0
    outer loop
      vertex 30.5 -32.5556 12.8315
      vertex 30.5 -32.5556 21.1685
      vertex 30.5 -32.4714 21.1181
    endloop
  endfacet
  facet normal -1 0 0
    outer loop
      vertex 30.5 -40 17.5
      vertex 30.5 -32.5556 12.8315
      vertex 30.5 -32.6344 12.773
    endloop
  endfacet
  facet normal -1 0 0
    outer loop
      vertex 30.5 -32.5556 12.8315
      vertex 30.5 -40 17.5
      vertex 30.5 -32.5556 21.1685
    endloop
  endfacet
  facet normal -1 0 0
    outer loop
      vertex 30.5 -40 17.5
      vertex 30.5 -32.6344 12.773
      vertex 30.5 -32.7071 12.7071
    endloop
  endfacet
  facet normal -1 -0 0
    outer loop
      vertex 30.5 -32.5556 21.1685
      vertex 30.5 -40 17.5
      vertex 30.5 -32.6344 21.227
    endloop
  endfacet
  facet normal -1 0 0
    outer loop
      vertex 30.5 -40 17.5
      vertex 30.5 -32.7071 12.7071
      vertex 30.5 -32.773 12.6344
    endloop
  endfacet
  facet normal -1 -0 0
    outer loop
      vertex 30.5 -32.6344 21.227
      vertex 30.5 -40 17.5
      vertex 30.5 -32.7071 21.2929
    endloop
  endfacet
  facet normal -1 0 0
    outer loop
      vertex 30.5 -40 17.5
      vertex 30.5 -32.773 12.6344
      vertex 30.5 -32.8315 12.5556
    endloop
  endfacet
  facet normal -1 -0 0
    outer loop
      vertex 30.5 -32.7071 21.2929
      vertex 30.5 -40 17.5
      vertex 30.5 -32.773 21.3656
    endloop
  endfacet
  facet normal -1 0 0
    outer loop
      vertex 30.5 -40 17.5
      vertex 30.5 -32.8315 12.5556
      vertex 30.5 -32.8819 12.4714
    endloop
  endfacet
  facet normal -1 -0 0
    outer loop
      vertex 30.5 -32.773 21.3656
      vertex 30.5 -40 17.5
      vertex 30.5 -32.8315 21.4444
    endloop
  endfacet
  facet normal -1 0 0
    outer loop
      vertex 30.5 -40 17.5
      vertex 30.5 -32.8819 12.4714
      vertex 30.5 -32.9239 12.3827
    endloop
  endfacet
  facet normal -1 -0 0
    outer loop
      vertex 30.5 -32.8315 21.4444
      vertex 30.5 -40 17.5
      vertex 30.5 -32.8819 21.5286
    endloop
  endfacet
  facet normal -1 0 0
    outer loop
      vertex 30.5 -40 17.5
      vertex 30.5 -32.9239 12.3827
      vertex 30.5 -32.9569 12.2903
    endloop
  endfacet
  facet normal -1 -0 0
    outer loop
      vertex 30.5 -32.8819 21.5286
      vertex 30.5 -40 17.5
      vertex 30.5 -32.9239 21.6173
    endloop
  endfacet
  facet normal -1 0 0
    outer loop
      vertex 30.5 -40 17.5
      vertex 30.5 -32.9569 12.2903
      vertex 30.5 -32.9808 12.1951
    endloop
  endfacet
  facet normal -1 -0 0
    outer loop
      vertex 30.5 -32.9239 21.6173
      vertex 30.5 -40 17.5
      vertex 30.5 -32.9569 21.7097
    endloop
  endfacet
  facet normal -1 0 0
    outer loop
      vertex 30.5 -40 17.5
      vertex 30.5 -32.9808 12.1951
      vertex 30.5 -32.9952 12.098
    endloop
  endfacet
  facet normal -1 -0 0
    outer loop
      vertex 30.5 -32.9569 21.7097
      vertex 30.5 -40 17.5
      vertex 30.5 -32.9808 21.8049
    endloop
  endfacet
  facet normal -1 0 0
    outer loop
      vertex 30.5 -40 17.5
      vertex 30.5 -32.9952 12.098
      vertex 30.5 -33 12
    endloop
  endfacet
  facet normal -1 -0 0
    outer loop
      vertex 30.5 -32.9808 21.8049
      vertex 30.5 -40 17.5
      vertex 30.5 -32.9952 21.902
    endloop
  endfacet
  facet normal -1 0 0
    outer loop
      vertex 30.5 -1 -6
      vertex 30.5 -11 0
      vertex 30.5 -1 4
    endloop
  endfacet
  facet normal -1 0 0
    outer loop
      vertex 30.5 -1 -6
      vertex 30.5 -29 0
      vertex 30.5 -11 0
    endloop
  endfacet
  facet normal -1 0 0
    outer loop
      vertex 30.5 -29 0
      vertex 30.5 -31 12
      vertex 30.5 -29 26
    endloop
  endfacet
  facet normal -1 0 0
    outer loop
      vertex 30.5 -29 0
      vertex 30.5 -31.0048 11.902
      vertex 30.5 -31 12
    endloop
  endfacet
  facet normal -1 0 0
    outer loop
      vertex 30.5 -29 0
      vertex 30.5 -31.0192 11.8049
      vertex 30.5 -31.0048 11.902
    endloop
  endfacet
  facet normal -1 0 0
    outer loop
      vertex 30.5 -29 0
      vertex 30.5 -31.0431 11.7097
      vertex 30.5 -31.0192 11.8049
    endloop
  endfacet
  facet normal -1 0 0
    outer loop
      vertex 30.5 -29 0
      vertex 30.5 -31.0761 11.6173
      vertex 30.5 -31.0431 11.7097
    endloop
  endfacet
  facet normal -1 0 0
    outer loop
      vertex 30.5 -29 0
      vertex 30.5 -31.1181 11.5286
      vertex 30.5 -31.0761 11.6173
    endloop
  endfacet
  facet normal -1 0 0
    outer loop
      vertex 30.5 -29 0
      vertex 30.5 -31.1685 11.4444
      vertex 30.5 -31.1181 11.5286
    endloop
  endfacet
  facet normal -1 0 0
    outer loop
      vertex 30.5 -29 0
      vertex 30.5 -31.227 11.3656
      vertex 30.5 -31.1685 11.4444
    endloop
  endfacet
  facet normal -1 0 0
    outer loop
      vertex 30.5 -29 0
      vertex 30.5 -31.2929 11.2929
      vertex 30.5 -31.227 11.3656
    endloop
  endfacet
  facet normal -1 0 0
    outer loop
      vertex 30.5 -29 0
      vertex 30.5 -31.3656 11.227
      vertex 30.5 -31.2929 11.2929
    endloop
  endfacet
  facet normal -1 0 0
    outer loop
      vertex 30.5 -29 0
      vertex 30.5 -31.4444 11.1685
      vertex 30.5 -31.3656 11.227
    endloop
  endfacet
  facet normal -1 0 0
    outer loop
      vertex 30.5 -29 0
      vertex 30.5 -31.5286 11.1181
      vertex 30.5 -31.4444 11.1685
    endloop
  endfacet
  facet normal -1 0 0
    outer loop
      vertex 30.5 -29 0
      vertex 30.5 -31.6173 11.0761
      vertex 30.5 -31.5286 11.1181
    endloop
  endfacet
  facet normal -1 0 0
    outer loop
      vertex 30.5 -29 0
      vertex 30.5 -31.7097 11.0431
      vertex 30.5 -31.6173 11.0761
    endloop
  endfacet
  facet normal -1 0 0
    outer loop
      vertex 30.5 -29 0
      vertex 30.5 -31.8049 11.0192
      vertex 30.5 -31.7097 11.0431
    endloop
  endfacet
  facet normal -1 0 0
    outer loop
      vertex 30.5 -29 0
      vertex 30.5 -31.902 11.0048
      vertex 30.5 -31.8049 11.0192
    endloop
  endfacet
  facet normal -1 0 0
    outer loop
      vertex 30.5 -29 0
      vertex 30.5 -32 11
      vertex 30.5 -31.902 11.0048
    endloop
  endfacet
  facet normal -1 0 0
    outer loop
      vertex 30.5 -29 0
      vertex 30.5 -32.098 11.0048
      vertex 30.5 -32 11
    endloop
  endfacet
  facet normal -1 0 0
    outer loop
      vertex 30.5 -29 0
      vertex 30.5 -32.1951 11.0192
      vertex 30.5 -32.098 11.0048
    endloop
  endfacet
  facet normal -1 0 0
    outer loop
      vertex 30.5 -29 0
      vertex 30.5 -32.2903 11.0431
      vertex 30.5 -32.1951 11.0192
    endloop
  endfacet
  facet normal -1 0 0
    outer loop
      vertex 30.5 -29 0
      vertex 30.5 -32.3827 11.0761
      vertex 30.5 -32.2903 11.0431
    endloop
  endfacet
  facet normal -1 0 0
    outer loop
      vertex 30.5 -29 0
      vertex 30.5 -32.4714 11.1181
      vertex 30.5 -32.3827 11.0761
    endloop
  endfacet
  facet normal -1 0 0
    outer loop
      vertex 30.5 -29 0
      vertex 30.5 -32.5556 11.1685
      vertex 30.5 -32.4714 11.1181
    endloop
  endfacet
  facet normal -1 0 0
    outer loop
      vertex 30.5 -46 5.2
      vertex 30.5 -32.5556 11.1685
      vertex 30.5 -29 0
    endloop
  endfacet
  facet normal -1 -0 0
    outer loop
      vertex 30.5 -32.5556 11.1685
      vertex 30.5 -46 5.2
      vertex 30.5 -32.6344 11.227
    endloop
  endfacet
  facet normal -1 -0 0
    outer loop
      vertex 30.5 -32.6344 11.227
      vertex 30.5 -46 5.2
      vertex 30.5 -32.7071 11.2929
    endloop
  endfacet
  facet normal -1 -0 0
    outer loop
      vertex 30.5 -32.7071 11.2929
      vertex 30.5 -46 5.2
      vertex 30.5 -32.773 11.3656
    endloop
  endfacet
  facet normal -1 -0 0
    outer loop
      vertex 30.5 -32.773 11.3656
      vertex 30.5 -46 5.2
      vertex 30.5 -32.8315 11.4444
    endloop
  endfacet
  facet normal -1 -0 0
    outer loop
      vertex 30.5 -32.8315 11.4444
      vertex 30.5 -46 5.2
      vertex 30.5 -32.8819 11.5286
    endloop
  endfacet
  facet normal -1 0 0
    outer loop
      vertex 30.5 -46 11.5
      vertex 30.5 -32.8819 11.5286
      vertex 30.5 -46 5.2
    endloop
  endfacet
  facet normal -1 -0 0
    outer loop
      vertex 30.5 -32.9952 21.902
      vertex 30.5 -40 17.5
      vertex 30.5 -33 22
    endloop
  endfacet
  facet normal -1 0 0
    outer loop
      vertex 30.5 -32.9952 11.902
      vertex 30.5 -40 17.5
      vertex 30.5 -33 12
    endloop
  endfacet
  facet normal -1 0 0
    outer loop
      vertex 30.5 -46 11.5
      vertex 30.5 -32.9952 11.902
      vertex 30.5 -32.9808 11.8049
    endloop
  endfacet
  facet normal -1 0 0
    outer loop
      vertex 30.5 -46 11.5
      vertex 30.5 -32.9808 11.8049
      vertex 30.5 -32.9569 11.7097
    endloop
  endfacet
  facet normal -1 -0 0
    outer loop
      vertex 30.5 -32.8819 11.5286
      vertex 30.5 -46 11.5
      vertex 30.5 -32.9239 11.6173
    endloop
  endfacet
  facet normal -1 0 0
    outer loop
      vertex 30.5 -46 5.2
      vertex 30.5 -29 0
      vertex 30.5 -46 0
    endloop
  endfacet
  facet normal -1 0 0
    outer loop
      vertex 30.5 -1 -6
      vertex 30.5 -46 0
      vertex 30.5 -29 0
    endloop
  endfacet
  facet normal -1 0 0
    outer loop
      vertex 30.5 -81 -6
      vertex 30.5 -46 0
      vertex 30.5 -1 -6
    endloop
  endfacet
  facet normal -1 -0 0
    outer loop
      vertex 30.5 -46 0
      vertex 30.5 -81 -6
      vertex 30.5 -81 0
    endloop
  endfacet
  facet normal -1 -0 0
    outer loop
      vertex 30.5 -1 4
      vertex 30.5 -11 0
      vertex 30.5 -11 4
    endloop
  endfacet
  facet normal -1 0 0
    outer loop
      vertex 30.5 -31.0048 12.098
      vertex 30.5 -29 26
      vertex 30.5 -31 12
    endloop
  endfacet
  facet normal -1 0 0
    outer loop
      vertex 30.5 -31.0048 22.098
      vertex 30.5 -29 26
      vertex 30.5 -31 22
    endloop
  endfacet
  facet normal -1 0 0
    outer loop
      vertex 30.5 -31.0192 22.1951
      vertex 30.5 -29 26
      vertex 30.5 -31.0048 22.098
    endloop
  endfacet
  facet normal -1 0 0
    outer loop
      vertex 30.5 -31.0431 22.2903
      vertex 30.5 -29 26
      vertex 30.5 -31.0192 22.1951
    endloop
  endfacet
  facet normal -1 0 0
    outer loop
      vertex 30.5 -31.0761 22.3827
      vertex 30.5 -29 26
      vertex 30.5 -31.0431 22.2903
    endloop
  endfacet
  facet normal -1 0 0
    outer loop
      vertex 30.5 -31.1181 22.4714
      vertex 30.5 -29 26
      vertex 30.5 -31.0761 22.3827
    endloop
  endfacet
  facet normal -1 0 0
    outer loop
      vertex 30.5 -31.1685 22.5556
      vertex 30.5 -29 26
      vertex 30.5 -31.1181 22.4714
    endloop
  endfacet
  facet normal -1 0 0
    outer loop
      vertex 30.5 -31.227 22.6344
      vertex 30.5 -29 26
      vertex 30.5 -31.1685 22.5556
    endloop
  endfacet
  facet normal -1 0 0
    outer loop
      vertex 30.5 -31.2929 22.7071
      vertex 30.5 -29 26
      vertex 30.5 -31.227 22.6344
    endloop
  endfacet
  facet normal -1 0 0
    outer loop
      vertex 30.5 -31.3656 22.773
      vertex 30.5 -29 26
      vertex 30.5 -31.2929 22.7071
    endloop
  endfacet
  facet normal -1 0 0
    outer loop
      vertex 30.5 -31.4444 22.8315
      vertex 30.5 -29 26
      vertex 30.5 -31.3656 22.773
    endloop
  endfacet
  facet normal -1 0 0
    outer loop
      vertex 30.5 -31.5286 22.8819
      vertex 30.5 -29 26
      vertex 30.5 -31.4444 22.8315
    endloop
  endfacet
  facet normal -1 0 0
    outer loop
      vertex 30.5 -31.6173 22.9239
      vertex 30.5 -29 26
      vertex 30.5 -31.5286 22.8819
    endloop
  endfacet
  facet normal -1 0 0
    outer loop
      vertex 30.5 -31.7097 22.9569
      vertex 30.5 -29 26
      vertex 30.5 -31.6173 22.9239
    endloop
  endfacet
  facet normal -1 0 0
    outer loop
      vertex 30.5 -31.8049 22.9808
      vertex 30.5 -29 26
      vertex 30.5 -31.7097 22.9569
    endloop
  endfacet
  facet normal -1 0 0
    outer loop
      vertex 30.5 -31.902 22.9952
      vertex 30.5 -29 26
      vertex 30.5 -31.8049 22.9808
    endloop
  endfacet
  facet normal -1 0 0
    outer loop
      vertex 30.5 -32 23
      vertex 30.5 -29 26
      vertex 30.5 -31.902 22.9952
    endloop
  endfacet
  facet normal -1 0 0
    outer loop
      vertex 30.5 -32.098 22.9952
      vertex 30.5 -29 26
      vertex 30.5 -32 23
    endloop
  endfacet
  facet normal -1 0 0
    outer loop
      vertex 30.5 -32.1951 22.9808
      vertex 30.5 -29 26
      vertex 30.5 -32.098 22.9952
    endloop
  endfacet
  facet normal -1 0 0
    outer loop
      vertex 30.5 -32.2903 22.9569
      vertex 30.5 -29 26
      vertex 30.5 -32.1951 22.9808
    endloop
  endfacet
  facet normal -1 0 0
    outer loop
      vertex 30.5 -32.3827 22.9239
      vertex 30.5 -29 26
      vertex 30.5 -32.2903 22.9569
    endloop
  endfacet
  facet normal -1 0 0
    outer loop
      vertex 30.5 -40 26
      vertex 30.5 -32.3827 22.9239
      vertex 30.5 -32.4714 22.8819
    endloop
  endfacet
  facet normal -1 0 0
    outer loop
      vertex 30.5 -40 26
      vertex 30.5 -32.4714 22.8819
      vertex 30.5 -32.5556 22.8315
    endloop
  endfacet
  facet normal -1 0 0
    outer loop
      vertex 30.5 -40 26
      vertex 30.5 -32.5556 22.8315
      vertex 30.5 -32.6344 22.773
    endloop
  endfacet
  facet normal -1 0 0
    outer loop
      vertex 30.5 -40 26
      vertex 30.5 -33 22
      vertex 30.5 -40 17.5
    endloop
  endfacet
  facet normal -1 0 0
    outer loop
      vertex 30.5 -33 22
      vertex 30.5 -40 26
      vertex 30.5 -32.9952 22.098
    endloop
  endfacet
  facet normal -1 0 0
    outer loop
      vertex 30.5 -32.9952 22.098
      vertex 30.5 -40 26
      vertex 30.5 -32.9808 22.1951
    endloop
  endfacet
  facet normal -1 0 0
    outer loop
      vertex 30.5 -32.9808 22.1951
      vertex 30.5 -40 26
      vertex 30.5 -32.9569 22.2903
    endloop
  endfacet
  facet normal -1 0 0
    outer loop
      vertex 30.5 -32.9569 22.2903
      vertex 30.5 -40 26
      vertex 30.5 -32.9239 22.3827
    endloop
  endfacet
  facet normal -1 0 0
    outer loop
      vertex 30.5 -32.9239 22.3827
      vertex 30.5 -40 26
      vertex 30.5 -32.8819 22.4714
    endloop
  endfacet
  facet normal -1 0 0
    outer loop
      vertex 30.5 -32.8819 22.4714
      vertex 30.5 -40 26
      vertex 30.5 -32.8315 22.5556
    endloop
  endfacet
  facet normal -1 0 0
    outer loop
      vertex 30.5 -32.8315 22.5556
      vertex 30.5 -40 26
      vertex 30.5 -32.773 22.6344
    endloop
  endfacet
  facet normal -1 0 0
    outer loop
      vertex 30.5 -32.773 22.6344
      vertex 30.5 -40 26
      vertex 30.5 -32.7071 22.7071
    endloop
  endfacet
  facet normal -1 0 0
    outer loop
      vertex 30.5 -32.7071 22.7071
      vertex 30.5 -40 26
      vertex 30.5 -32.6344 22.773
    endloop
  endfacet
  facet normal -1 0 0
    outer loop
      vertex 30.5 -32.3827 22.9239
      vertex 30.5 -40 26
      vertex 30.5 -29 26
    endloop
  endfacet
  facet normal -1 -0 0
    outer loop
      vertex 30.5 -32.9239 11.6173
      vertex 30.5 -46 11.5
      vertex 30.5 -32.9569 11.7097
    endloop
  endfacet
  facet normal -1 -0 0
    outer loop
      vertex 30.5 -32.9952 11.902
      vertex 30.5 -46 11.5
      vertex 30.5 -40 17.5
    endloop
  endfacet
  facet normal -1 0 0
    outer loop
      vertex 30.5 -46 5.2
      vertex 30.5 -60 11.5
      vertex 30.5 -46 11.5
    endloop
  endfacet
  facet normal -1 0 0
    outer loop
      vertex 30.5 -74.5072 13.147
      vertex 30.5 -60 11.5
      vertex 30.5 -74.5 13
    endloop
  endfacet
  facet normal -1 0 0
    outer loop
      vertex 30.5 -81 5.2
      vertex 30.5 -60 11.5
      vertex 30.5 -46 5.2
    endloop
  endfacet
  facet normal -1 0 0
    outer loop
      vertex 30.5 -60 11.5
      vertex 30.5 -74.5072 12.853
      vertex 30.5 -74.5 13
    endloop
  endfacet
  facet normal -1 0 0
    outer loop
      vertex 30.5 -60 11.5
      vertex 30.5 -74.5288 12.7074
      vertex 30.5 -74.5072 12.853
    endloop
  endfacet
  facet normal -1 0 0
    outer loop
      vertex 30.5 -60 11.5
      vertex 30.5 -74.5646 12.5646
      vertex 30.5 -74.5288 12.7074
    endloop
  endfacet
  facet normal -1 0 0
    outer loop
      vertex 30.5 -60 11.5
      vertex 30.5 -74.6142 12.426
      vertex 30.5 -74.5646 12.5646
    endloop
  endfacet
  facet normal -1 0 0
    outer loop
      vertex 30.5 -60 11.5
      vertex 30.5 -74.6771 12.2929
      vertex 30.5 -74.6142 12.426
    endloop
  endfacet
  facet normal -1 0 0
    outer loop
      vertex 30.5 -60 11.5
      vertex 30.5 -74.7528 12.1666
      vertex 30.5 -74.6771 12.2929
    endloop
  endfacet
  facet normal -1 0 0
    outer loop
      vertex 30.5 -60 11.5
      vertex 30.5 -74.8405 12.0484
      vertex 30.5 -74.7528 12.1666
    endloop
  endfacet
  facet normal -1 0 0
    outer loop
      vertex 30.5 -60 11.5
      vertex 30.5 -74.9393 11.9393
      vertex 30.5 -74.8405 12.0484
    endloop
  endfacet
  facet normal -1 0 0
    outer loop
      vertex 30.5 -60 11.5
      vertex 30.5 -75.0484 11.8405
      vertex 30.5 -74.9393 11.9393
    endloop
  endfacet
  facet normal -1 0 0
    outer loop
      vertex 30.5 -60 11.5
      vertex 30.5 -75.1666 11.7528
      vertex 30.5 -75.0484 11.8405
    endloop
  endfacet
  facet normal -1 -0 0
    outer loop
      vertex 30.5 -60 11.5
      vertex 30.5 -81 5.2
      vertex 30.5 -75.1666 11.7528
    endloop
  endfacet
  facet normal -1 0 0
    outer loop
      vertex 30.5 -75.1666 11.7528
      vertex 30.5 -81 5.2
      vertex 30.5 -75.2929 11.6771
    endloop
  endfacet
  facet normal -1 0 0
    outer loop
      vertex 30.5 -75.2929 11.6771
      vertex 30.5 -81 5.2
      vertex 30.5 -75.426 11.6142
    endloop
  endfacet
  facet normal -1 0 0
    outer loop
      vertex 30.5 -75.426 11.6142
      vertex 30.5 -81 5.2
      vertex 30.5 -75.5646 11.5646
    endloop
  endfacet
  facet normal -1 0 0
    outer loop
      vertex 30.5 -75.5646 11.5646
      vertex 30.5 -81 5.2
      vertex 30.5 -75.7074 11.5288
    endloop
  endfacet
  facet normal -1 0 0
    outer loop
      vertex 30.5 -75.7074 11.5288
      vertex 30.5 -81 5.2
      vertex 30.5 -75.853 11.5072
    endloop
  endfacet
  facet normal -1 0 0
    outer loop
      vertex 30.5 -75.853 11.5072
      vertex 30.5 -81 5.2
      vertex 30.5 -76 11.5
    endloop
  endfacet
  facet normal -1 -0 0
    outer loop
      vertex 30.5 -76 11.5
      vertex 30.5 -81 5.2
      vertex 30.5 -76.147 11.5072
    endloop
  endfacet
  facet normal -1 0 0
    outer loop
      vertex 30.5 -77 24.5
      vertex 30.5 -78.0048 30.902
      vertex 30.5 -78 31
    endloop
  endfacet
  facet normal -1 0 0
    outer loop
      vertex 30.5 -77.4928 13.147
      vertex 30.5 -78.0192 30.8049
      vertex 30.5 -78.0048 30.902
    endloop
  endfacet
  facet normal -1 0 0
    outer loop
      vertex 30.5 -77.4928 13.147
      vertex 30.5 -78.0431 30.7097
      vertex 30.5 -78.0192 30.8049
    endloop
  endfacet
  facet normal -1 0 0
    outer loop
      vertex 30.5 -77.4928 13.147
      vertex 30.5 -78.0761 30.6173
      vertex 30.5 -78.0431 30.7097
    endloop
  endfacet
  facet normal -1 0 0
    outer loop
      vertex 30.5 -77.4928 13.147
      vertex 30.5 -78.1181 30.5286
      vertex 30.5 -78.0761 30.6173
    endloop
  endfacet
  facet normal -1 0 0
    outer loop
      vertex 30.5 -77.4928 13.147
      vertex 30.5 -78.1685 30.4444
      vertex 30.5 -78.1181 30.5286
    endloop
  endfacet
  facet normal -1 0 0
    outer loop
      vertex 30.5 -77.4928 13.147
      vertex 30.5 -78.227 30.3656
      vertex 30.5 -78.1685 30.4444
    endloop
  endfacet
  facet normal -1 0 0
    outer loop
      vertex 30.5 -77.4928 13.147
      vertex 30.5 -78.2929 30.2929
      vertex 30.5 -78.227 30.3656
    endloop
  endfacet
  facet normal -1 0 0
    outer loop
      vertex 30.5 -77.4928 13.147
      vertex 30.5 -78.3656 30.227
      vertex 30.5 -78.2929 30.2929
    endloop
  endfacet
  facet normal -1 0 0
    outer loop
      vertex 30.5 -81 5.2
      vertex 30.5 -77.5 13
      vertex 30.5 -77.4928 12.853
    endloop
  endfacet
  facet normal -1 0 0
    outer loop
      vertex 30.5 -77.4928 13.147
      vertex 30.5 -78.4444 30.1685
      vertex 30.5 -78.3656 30.227
    endloop
  endfacet
  facet normal -1 0 0
    outer loop
      vertex 30.5 -77.4928 13.147
      vertex 30.5 -78.5286 30.1181
      vertex 30.5 -78.4444 30.1685
    endloop
  endfacet
  facet normal -1 0 0
    outer loop
      vertex 30.5 -77.4928 13.147
      vertex 30.5 -78.6173 30.0761
      vertex 30.5 -78.5286 30.1181
    endloop
  endfacet
  facet normal -1 0 0
    outer loop
      vertex 30.5 -77.4928 13.147
      vertex 30.5 -78.7097 30.0431
      vertex 30.5 -78.6173 30.0761
    endloop
  endfacet
  facet normal -1 0 0
    outer loop
      vertex 30.5 -77.4928 13.147
      vertex 30.5 -78.8049 30.0192
      vertex 30.5 -78.7097 30.0431
    endloop
  endfacet
  facet normal -1 0 0
    outer loop
      vertex 30.5 -77.4928 13.147
      vertex 30.5 -78.902 30.0048
      vertex 30.5 -78.8049 30.0192
    endloop
  endfacet
  facet normal -1 0 0
    outer loop
      vertex 30.5 -77.4928 13.147
      vertex 30.5 -79 30
      vertex 30.5 -78.902 30.0048
    endloop
  endfacet
  facet normal -1 0 0
    outer loop
      vertex 30.5 -77.4928 13.147
      vertex 30.5 -79.098 30.0048
      vertex 30.5 -79 30
    endloop
  endfacet
  facet normal -1 0 0
    outer loop
      vertex 30.5 -77.4928 13.147
      vertex 30.5 -79.1951 30.0192
      vertex 30.5 -79.098 30.0048
    endloop
  endfacet
  facet normal -1 0 0
    outer loop
      vertex 30.5 -77.4928 13.147
      vertex 30.5 -79.2903 30.0431
      vertex 30.5 -79.1951 30.0192
    endloop
  endfacet
  facet normal -1 0 0
    outer loop
      vertex 30.5 -77.4928 13.147
      vertex 30.5 -79.3827 30.0761
      vertex 30.5 -79.2903 30.0431
    endloop
  endfacet
  facet normal -1 0 0
    outer loop
      vertex 30.5 -77.4928 13.147
      vertex 30.5 -79.4714 30.1181
      vertex 30.5 -79.3827 30.0761
    endloop
  endfacet
  facet normal -1 0 0
    outer loop
      vertex 30.5 -77.4928 13.147
      vertex 30.5 -79.5556 30.1685
      vertex 30.5 -79.4714 30.1181
    endloop
  endfacet
  facet normal -1 0 0
    outer loop
      vertex 30.5 -77.4928 13.147
      vertex 30.5 -79.6344 30.227
      vertex 30.5 -79.5556 30.1685
    endloop
  endfacet
  facet normal -1 0 0
    outer loop
      vertex 30.5 -77.4928 13.147
      vertex 30.5 -79.7071 30.2929
      vertex 30.5 -79.6344 30.227
    endloop
  endfacet
  facet normal -1 0 0
    outer loop
      vertex 30.5 -77.4928 13.147
      vertex 30.5 -79.773 30.3656
      vertex 30.5 -79.7071 30.2929
    endloop
  endfacet
  facet normal -1 0 0
    outer loop
      vertex 30.5 -77.4928 13.147
      vertex 30.5 -79.8315 30.4444
      vertex 30.5 -79.773 30.3656
    endloop
  endfacet
  facet normal -1 0 0
    outer loop
      vertex 30.5 -77.4928 13.147
      vertex 30.5 -79.8819 30.5286
      vertex 30.5 -79.8315 30.4444
    endloop
  endfacet
  facet normal -1 -0 0
    outer loop
      vertex 30.5 -77.4928 13.147
      vertex 30.5 -81 5.2
      vertex 30.5 -79.8819 30.5286
    endloop
  endfacet
  facet normal -1 -0 0
    outer loop
      vertex 30.5 -79.8819 30.5286
      vertex 30.5 -81 5.2
      vertex 30.5 -79.9239 30.6173
    endloop
  endfacet
  facet normal -1 -0 0
    outer loop
      vertex 30.5 -79.9239 30.6173
      vertex 30.5 -81 5.2
      vertex 30.5 -79.9569 30.7097
    endloop
  endfacet
  facet normal -1 -0 0
    outer loop
      vertex 30.5 -79.9569 30.7097
      vertex 30.5 -81 5.2
      vertex 30.5 -79.9808 30.8049
    endloop
  endfacet
  facet normal -1 -0 0
    outer loop
      vertex 30.5 -79.9952 30.902
      vertex 30.5 -81 5.2
      vertex 30.5 -80 31
    endloop
  endfacet
  facet normal -1 -0 0
    outer loop
      vertex 30.5 -79.9808 30.8049
      vertex 30.5 -81 5.2
      vertex 30.5 -79.9952 30.902
    endloop
  endfacet
  facet normal -1 -0 0
    outer loop
      vertex 30.5 -77.4712 12.7074
      vertex 30.5 -81 5.2
      vertex 30.5 -77.4928 12.853
    endloop
  endfacet
  facet normal -1 -0 0
    outer loop
      vertex 30.5 -77.4354 12.5646
      vertex 30.5 -81 5.2
      vertex 30.5 -77.4712 12.7074
    endloop
  endfacet
  facet normal -1 -0 0
    outer loop
      vertex 30.5 -77.3858 12.426
      vertex 30.5 -81 5.2
      vertex 30.5 -77.4354 12.5646
    endloop
  endfacet
  facet normal -1 -0 0
    outer loop
      vertex 30.5 -77.3229 12.2929
      vertex 30.5 -81 5.2
      vertex 30.5 -77.3858 12.426
    endloop
  endfacet
  facet normal -1 -0 0
    outer loop
      vertex 30.5 -77.2472 12.1666
      vertex 30.5 -81 5.2
      vertex 30.5 -77.3229 12.2929
    endloop
  endfacet
  facet normal -1 -0 0
    outer loop
      vertex 30.5 -77.1595 12.0484
      vertex 30.5 -81 5.2
      vertex 30.5 -77.2472 12.1666
    endloop
  endfacet
  facet normal -1 -0 0
    outer loop
      vertex 30.5 -77.0607 11.9393
      vertex 30.5 -81 5.2
      vertex 30.5 -77.1595 12.0484
    endloop
  endfacet
  facet normal -1 -0 0
    outer loop
      vertex 30.5 -76.9516 11.8405
      vertex 30.5 -81 5.2
      vertex 30.5 -77.0607 11.9393
    endloop
  endfacet
  facet normal -1 -0 0
    outer loop
      vertex 30.5 -76.8334 11.7528
      vertex 30.5 -81 5.2
      vertex 30.5 -76.9516 11.8405
    endloop
  endfacet
  facet normal -1 -0 0
    outer loop
      vertex 30.5 -76.7071 11.6771
      vertex 30.5 -81 5.2
      vertex 30.5 -76.8334 11.7528
    endloop
  endfacet
  facet normal -1 -0 0
    outer loop
      vertex 30.5 -76.574 11.6142
      vertex 30.5 -81 5.2
      vertex 30.5 -76.7071 11.6771
    endloop
  endfacet
  facet normal -1 -0 0
    outer loop
      vertex 30.5 -76.4354 11.5646
      vertex 30.5 -81 5.2
      vertex 30.5 -76.574 11.6142
    endloop
  endfacet
  facet normal -1 -0 0
    outer loop
      vertex 30.5 -76.2926 11.5288
      vertex 30.5 -81 5.2
      vertex 30.5 -76.4354 11.5646
    endloop
  endfacet
  facet normal -1 -0 0
    outer loop
      vertex 30.5 -76.147 11.5072
      vertex 30.5 -81 5.2
      vertex 30.5 -76.2926 11.5288
    endloop
  endfacet
  facet normal -1 0 0
    outer loop
      vertex 30.5 -74.5288 13.2926
      vertex 30.5 -60 11.5
      vertex 30.5 -74.5072 13.147
    endloop
  endfacet
  facet normal -1 0 0
    outer loop
      vertex 30.5 -74.5646 13.4354
      vertex 30.5 -60 11.5
      vertex 30.5 -74.5288 13.2926
    endloop
  endfacet
  facet normal -1 0 0
    outer loop
      vertex 30.5 -74.6142 13.574
      vertex 30.5 -60 11.5
      vertex 30.5 -74.5646 13.4354
    endloop
  endfacet
  facet normal -1 0 0
    outer loop
      vertex 30.5 -74.6771 13.7071
      vertex 30.5 -60 11.5
      vertex 30.5 -74.6142 13.574
    endloop
  endfacet
  facet normal -1 0 0
    outer loop
      vertex 30.5 -60 11.5
      vertex 30.5 -74.6771 13.7071
      vertex 30.5 -73 24.5
    endloop
  endfacet
  facet normal -1 0 0
    outer loop
      vertex 30.5 -74.7528 13.8334
      vertex 30.5 -73 24.5
      vertex 30.5 -74.6771 13.7071
    endloop
  endfacet
  facet normal -1 0 0
    outer loop
      vertex 30.5 -74.8405 13.9516
      vertex 30.5 -73 24.5
      vertex 30.5 -74.7528 13.8334
    endloop
  endfacet
  facet normal -1 0 0
    outer loop
      vertex 30.5 -74.9393 14.0607
      vertex 30.5 -73 24.5
      vertex 30.5 -74.8405 13.9516
    endloop
  endfacet
  facet normal -1 0 0
    outer loop
      vertex 30.5 -75.0484 14.1595
      vertex 30.5 -73 24.5
      vertex 30.5 -74.9393 14.0607
    endloop
  endfacet
  facet normal -1 0 0
    outer loop
      vertex 30.5 -75.1666 14.2472
      vertex 30.5 -73 24.5
      vertex 30.5 -75.0484 14.1595
    endloop
  endfacet
  facet normal -1 0 0
    outer loop
      vertex 30.5 -75.2929 14.3229
      vertex 30.5 -73 24.5
      vertex 30.5 -75.1666 14.2472
    endloop
  endfacet
  facet normal -1 0 0
    outer loop
      vertex 30.5 -75.426 14.3858
      vertex 30.5 -73 24.5
      vertex 30.5 -75.2929 14.3229
    endloop
  endfacet
  facet normal -1 0 0
    outer loop
      vertex 30.5 -75.5646 14.4354
      vertex 30.5 -73 24.5
      vertex 30.5 -75.426 14.3858
    endloop
  endfacet
  facet normal -1 0 0
    outer loop
      vertex 30.5 -75.7074 14.4712
      vertex 30.5 -73 24.5
      vertex 30.5 -75.5646 14.4354
    endloop
  endfacet
  facet normal -1 0 0
    outer loop
      vertex 30.5 -75.853 14.4928
      vertex 30.5 -73 24.5
      vertex 30.5 -75.7074 14.4712
    endloop
  endfacet
  facet normal -1 0 0
    outer loop
      vertex 30.5 -77 24.5
      vertex 30.5 -75.853 14.4928
      vertex 30.5 -76 14.5
    endloop
  endfacet
  facet normal -1 0 0
    outer loop
      vertex 30.5 -77 24.5
      vertex 30.5 -76 14.5
      vertex 30.5 -76.147 14.4928
    endloop
  endfacet
  facet normal -1 0 0
    outer loop
      vertex 30.5 -77 24.5
      vertex 30.5 -76.147 14.4928
      vertex 30.5 -76.2926 14.4712
    endloop
  endfacet
  facet normal -1 0 0
    outer loop
      vertex 30.5 -77 24.5
      vertex 30.5 -76.2926 14.4712
      vertex 30.5 -76.4354 14.4354
    endloop
  endfacet
  facet normal -1 0 0
    outer loop
      vertex 30.5 -77 24.5
      vertex 30.5 -76.4354 14.4354
      vertex 30.5 -76.574 14.3858
    endloop
  endfacet
  facet normal -1 0 0
    outer loop
      vertex 30.5 -77 24.5
      vertex 30.5 -76.574 14.3858
      vertex 30.5 -76.7071 14.3229
    endloop
  endfacet
  facet normal -1 0 0
    outer loop
      vertex 30.5 -77 24.5
      vertex 30.5 -76.7071 14.3229
      vertex 30.5 -76.8334 14.2472
    endloop
  endfacet
  facet normal -1 0 0
    outer loop
      vertex 30.5 -77 24.5
      vertex 30.5 -76.8334 14.2472
      vertex 30.5 -76.9516 14.1595
    endloop
  endfacet
  facet normal -1 0 0
    outer loop
      vertex 30.5 -75.853 14.4928
      vertex 30.5 -77 24.5
      vertex 30.5 -73 24.5
    endloop
  endfacet
  facet normal -1 0 0
    outer loop
      vertex 30.5 -77.0607 14.0607
      vertex 30.5 -77 24.5
      vertex 30.5 -76.9516 14.1595
    endloop
  endfacet
  facet normal -1 0 0
    outer loop
      vertex 30.5 -77.1595 13.9516
      vertex 30.5 -77 24.5
      vertex 30.5 -77.0607 14.0607
    endloop
  endfacet
  facet normal -1 0 0
    outer loop
      vertex 30.5 -77.2472 13.8334
      vertex 30.5 -77 24.5
      vertex 30.5 -77.1595 13.9516
    endloop
  endfacet
  facet normal -1 0 0
    outer loop
      vertex 30.5 -77.3229 13.7071
      vertex 30.5 -77 24.5
      vertex 30.5 -77.2472 13.8334
    endloop
  endfacet
  facet normal -1 0 0
    outer loop
      vertex 30.5 -77.3858 13.574
      vertex 30.5 -77 24.5
      vertex 30.5 -77.3229 13.7071
    endloop
  endfacet
  facet normal -1 0 0
    outer loop
      vertex 30.5 -77.4354 13.4354
      vertex 30.5 -77 24.5
      vertex 30.5 -77.3858 13.574
    endloop
  endfacet
  facet normal -1 0 0
    outer loop
      vertex 30.5 -77.4712 13.2926
      vertex 30.5 -77 24.5
      vertex 30.5 -77.4354 13.4354
    endloop
  endfacet
  facet normal -1 0 0
    outer loop
      vertex 30.5 -78.0048 30.902
      vertex 30.5 -77 24.5
      vertex 30.5 -77.4712 13.2926
    endloop
  endfacet
  facet normal -1 0 0
    outer loop
      vertex 30.5 -78.0048 30.902
      vertex 30.5 -77.4712 13.2926
      vertex 30.5 -77.4928 13.147
    endloop
  endfacet
  facet normal -1 0 0
    outer loop
      vertex 30.5 -81 5.2
      vertex 30.5 -77.4928 13.147
      vertex 30.5 -77.5 13
    endloop
  endfacet
  facet normal -1 0 0
    outer loop
      vertex 30.5 -77 24.5
      vertex 30.5 -78 31
      vertex 30.5 -77 41.5
    endloop
  endfacet
  facet normal -1 0 0
    outer loop
      vertex 30.5 -78.0048 31.098
      vertex 30.5 -77 41.5
      vertex 30.5 -78 31
    endloop
  endfacet
  facet normal -1 0 0
    outer loop
      vertex 30.5 -78.0192 31.1951
      vertex 30.5 -77 41.5
      vertex 30.5 -78.0048 31.098
    endloop
  endfacet
  facet normal -1 0 0
    outer loop
      vertex 30.5 -78.0431 31.2903
      vertex 30.5 -77 41.5
      vertex 30.5 -78.0192 31.1951
    endloop
  endfacet
  facet normal -1 0 0
    outer loop
      vertex 30.5 -78.0761 31.3827
      vertex 30.5 -77 41.5
      vertex 30.5 -78.0431 31.2903
    endloop
  endfacet
  facet normal -1 0 0
    outer loop
      vertex 30.5 -78.1181 31.4714
      vertex 30.5 -77 41.5
      vertex 30.5 -78.0761 31.3827
    endloop
  endfacet
  facet normal -1 0 0
    outer loop
      vertex 30.5 -78.1685 31.5556
      vertex 30.5 -77 41.5
      vertex 30.5 -78.1181 31.4714
    endloop
  endfacet
  facet normal -1 0 0
    outer loop
      vertex 30.5 -78.227 31.6344
      vertex 30.5 -77 41.5
      vertex 30.5 -78.1685 31.5556
    endloop
  endfacet
  facet normal -1 0 0
    outer loop
      vertex 30.5 -78.2929 31.7071
      vertex 30.5 -77 41.5
      vertex 30.5 -78.227 31.6344
    endloop
  endfacet
  facet normal -1 0 0
    outer loop
      vertex 30.5 -78.3656 31.773
      vertex 30.5 -77 41.5
      vertex 30.5 -78.2929 31.7071
    endloop
  endfacet
  facet normal -1 0 0
    outer loop
      vertex 30.5 -78.4444 31.8315
      vertex 30.5 -77 41.5
      vertex 30.5 -78.3656 31.773
    endloop
  endfacet
  facet normal -1 0 0
    outer loop
      vertex 30.5 -78.5286 31.8819
      vertex 30.5 -77 41.5
      vertex 30.5 -78.4444 31.8315
    endloop
  endfacet
  facet normal -1 0 0
    outer loop
      vertex 30.5 -78.6173 31.9239
      vertex 30.5 -77 41.5
      vertex 30.5 -78.5286 31.8819
    endloop
  endfacet
  facet normal -1 0 0
    outer loop
      vertex 30.5 -78.7097 31.9569
      vertex 30.5 -77 41.5
      vertex 30.5 -78.6173 31.9239
    endloop
  endfacet
  facet normal -1 0 0
    outer loop
      vertex 30.5 -78.8049 31.9808
      vertex 30.5 -77 41.5
      vertex 30.5 -78.7097 31.9569
    endloop
  endfacet
  facet normal -1 0 0
    outer loop
      vertex 30.5 -78.902 31.9952
      vertex 30.5 -77 41.5
      vertex 30.5 -78.8049 31.9808
    endloop
  endfacet
  facet normal -1 0 0
    outer loop
      vertex 30.5 -79 32
      vertex 30.5 -77 41.5
      vertex 30.5 -78.902 31.9952
    endloop
  endfacet
  facet normal -1 0 0
    outer loop
      vertex 30.5 -81 41.5
      vertex 30.5 -79 32
      vertex 30.5 -79.098 31.9952
    endloop
  endfacet
  facet normal -1 0 0
    outer loop
      vertex 30.5 -81 41.5
      vertex 30.5 -79.098 31.9952
      vertex 30.5 -79.1951 31.9808
    endloop
  endfacet
  facet normal -1 0 0
    outer loop
      vertex 30.5 -81 41.5
      vertex 30.5 -79.1951 31.9808
      vertex 30.5 -79.2903 31.9569
    endloop
  endfacet
  facet normal -1 0 0
    outer loop
      vertex 30.5 -81 41.5
      vertex 30.5 -79.2903 31.9569
      vertex 30.5 -79.3827 31.9239
    endloop
  endfacet
  facet normal -1 0 0
    outer loop
      vertex 30.5 -81 41.5
      vertex 30.5 -79.3827 31.9239
      vertex 30.5 -79.4714 31.8819
    endloop
  endfacet
  facet normal -1 0 0
    outer loop
      vertex 30.5 -81 41.5
      vertex 30.5 -79.4714 31.8819
      vertex 30.5 -79.5556 31.8315
    endloop
  endfacet
  facet normal -1 0 0
    outer loop
      vertex 30.5 -81 41.5
      vertex 30.5 -79.5556 31.8315
      vertex 30.5 -79.6344 31.773
    endloop
  endfacet
  facet normal -1 0 0
    outer loop
      vertex 30.5 -81 41.5
      vertex 30.5 -79.6344 31.773
      vertex 30.5 -79.7071 31.7071
    endloop
  endfacet
  facet normal -1 0 0
    outer loop
      vertex 30.5 -81 41.5
      vertex 30.5 -79.7071 31.7071
      vertex 30.5 -79.773 31.6344
    endloop
  endfacet
  facet normal -1 0 0
    outer loop
      vertex 30.5 -81 41.5
      vertex 30.5 -79.773 31.6344
      vertex 30.5 -79.8315 31.5556
    endloop
  endfacet
  facet normal -1 0 0
    outer loop
      vertex 30.5 -81 41.5
      vertex 30.5 -79.8315 31.5556
      vertex 30.5 -79.8819 31.4714
    endloop
  endfacet
  facet normal -1 0 0
    outer loop
      vertex 30.5 -81 41.5
      vertex 30.5 -79.8819 31.4714
      vertex 30.5 -79.9239 31.3827
    endloop
  endfacet
  facet normal -1 0 0
    outer loop
      vertex 30.5 -81 41.5
      vertex 30.5 -79.9239 31.3827
      vertex 30.5 -79.9569 31.2903
    endloop
  endfacet
  facet normal -1 0 0
    outer loop
      vertex 30.5 -79 32
      vertex 30.5 -81 41.5
      vertex 30.5 -77 41.5
    endloop
  endfacet
  facet normal -1 0 0
    outer loop
      vertex 30.5 -79.9808 31.1951
      vertex 30.5 -81 41.5
      vertex 30.5 -79.9569 31.2903
    endloop
  endfacet
  facet normal -1 0 0
    outer loop
      vertex 30.5 -79.9952 31.098
      vertex 30.5 -81 41.5
      vertex 30.5 -79.9808 31.1951
    endloop
  endfacet
  facet normal -1 0 0
    outer loop
      vertex 30.5 -80 31
      vertex 30.5 -81 41.5
      vertex 30.5 -79.9952 31.098
    endloop
  endfacet
  facet normal -1 0 0
    outer loop
      vertex 30.5 -81 41.5
      vertex 30.5 -80 31
      vertex 30.5 -81 5.2
    endloop
  endfacet
  facet normal 1 -0 0
    outer loop
      vertex 35 -78 31
      vertex 35 -77 24.5
      vertex 35 -77 41.5
    endloop
  endfacet
  facet normal 1 -0 0
    outer loop
      vertex 35 -78.0048 30.902
      vertex 35 -77 24.5
      vertex 35 -78 31
    endloop
  endfacet
  facet normal 1 -0 0
    outer loop
      vertex 35 -78.0192 30.8049
      vertex 35 -77 24.5
      vertex 35 -78.0048 30.902
    endloop
  endfacet
  facet normal 1 -0 0
    outer loop
      vertex 35 -78.0431 30.7097
      vertex 35 -77 24.5
      vertex 35 -78.0192 30.8049
    endloop
  endfacet
  facet normal 1 -0 0
    outer loop
      vertex 35 -78.0761 30.6173
      vertex 35 -77 24.5
      vertex 35 -78.0431 30.7097
    endloop
  endfacet
  facet normal 1 -0 0
    outer loop
      vertex 35 -78.1181 30.5286
      vertex 35 -77 24.5
      vertex 35 -78.0761 30.6173
    endloop
  endfacet
  facet normal 1 -0 0
    outer loop
      vertex 35 -78.1685 30.4444
      vertex 35 -77 24.5
      vertex 35 -78.1181 30.5286
    endloop
  endfacet
  facet normal 1 -0 0
    outer loop
      vertex 35 -78.227 30.3656
      vertex 35 -77 24.5
      vertex 35 -78.1685 30.4444
    endloop
  endfacet
  facet normal 1 -0 0
    outer loop
      vertex 35 -78.2929 30.2929
      vertex 35 -77 24.5
      vertex 35 -78.227 30.3656
    endloop
  endfacet
  facet normal 1 -0 0
    outer loop
      vertex 35 -78.3656 30.227
      vertex 35 -77 24.5
      vertex 35 -78.2929 30.2929
    endloop
  endfacet
  facet normal 1 0 0
    outer loop
      vertex 35 -77 41.5
      vertex 35 -78.0048 31.098
      vertex 35 -78 31
    endloop
  endfacet
  facet normal 1 0 0
    outer loop
      vertex 35 -77 41.5
      vertex 35 -78.0192 31.1951
      vertex 35 -78.0048 31.098
    endloop
  endfacet
  facet normal 1 0 0
    outer loop
      vertex 35 -77 41.5
      vertex 35 -78.0431 31.2903
      vertex 35 -78.0192 31.1951
    endloop
  endfacet
  facet normal 1 0 0
    outer loop
      vertex 35 -77 41.5
      vertex 35 -78.0761 31.3827
      vertex 35 -78.0431 31.2903
    endloop
  endfacet
  facet normal 1 0 0
    outer loop
      vertex 35 -77 41.5
      vertex 35 -78.1181 31.4714
      vertex 35 -78.0761 31.3827
    endloop
  endfacet
  facet normal 1 0 0
    outer loop
      vertex 35 -77 41.5
      vertex 35 -78.1685 31.5556
      vertex 35 -78.1181 31.4714
    endloop
  endfacet
  facet normal 1 0 0
    outer loop
      vertex 35 -77 41.5
      vertex 35 -78.227 31.6344
      vertex 35 -78.1685 31.5556
    endloop
  endfacet
  facet normal 1 0 0
    outer loop
      vertex 35 -77 41.5
      vertex 35 -78.2929 31.7071
      vertex 35 -78.227 31.6344
    endloop
  endfacet
  facet normal 1 0 0
    outer loop
      vertex 35 -77 41.5
      vertex 35 -78.3656 31.773
      vertex 35 -78.2929 31.7071
    endloop
  endfacet
  facet normal 1 0 0
    outer loop
      vertex 35 -77 41.5
      vertex 35 -78.4444 31.8315
      vertex 35 -78.3656 31.773
    endloop
  endfacet
  facet normal 1 0 0
    outer loop
      vertex 35 -77 41.5
      vertex 35 -78.5286 31.8819
      vertex 35 -78.4444 31.8315
    endloop
  endfacet
  facet normal 1 0 0
    outer loop
      vertex 35 -77 41.5
      vertex 35 -78.6173 31.9239
      vertex 35 -78.5286 31.8819
    endloop
  endfacet
  facet normal 1 0 0
    outer loop
      vertex 35 -77 41.5
      vertex 35 -78.7097 31.9569
      vertex 35 -78.6173 31.9239
    endloop
  endfacet
  facet normal 1 0 0
    outer loop
      vertex 35 -77 41.5
      vertex 35 -78.8049 31.9808
      vertex 35 -78.7097 31.9569
    endloop
  endfacet
  facet normal 1 0 0
    outer loop
      vertex 35 -77 41.5
      vertex 35 -78.902 31.9952
      vertex 35 -78.8049 31.9808
    endloop
  endfacet
  facet normal 1 0 0
    outer loop
      vertex 35 -77 41.5
      vertex 35 -79 32
      vertex 35 -78.902 31.9952
    endloop
  endfacet
  facet normal 1 0 0
    outer loop
      vertex 35 -77 41.5
      vertex 35 -79.098 31.9952
      vertex 35 -79 32
    endloop
  endfacet
  facet normal 1 0 0
    outer loop
      vertex 35 -77 41.5
      vertex 35 -79.1951 31.9808
      vertex 35 -79.098 31.9952
    endloop
  endfacet
  facet normal 1 0 0
    outer loop
      vertex 35 -77 41.5
      vertex 35 -79.2903 31.9569
      vertex 35 -79.1951 31.9808
    endloop
  endfacet
  facet normal 1 0 0
    outer loop
      vertex 35 -77 41.5
      vertex 35 -79.3827 31.9239
      vertex 35 -79.2903 31.9569
    endloop
  endfacet
  facet normal 1 -0 0
    outer loop
      vertex 35 -86 41.5
      vertex 35 -79.3827 31.9239
      vertex 35 -77 41.5
    endloop
  endfacet
  facet normal 1 0 0
    outer loop
      vertex 35 -79.3827 31.9239
      vertex 35 -86 41.5
      vertex 35 -79.4714 31.8819
    endloop
  endfacet
  facet normal 1 0 0
    outer loop
      vertex 35 -79.4714 31.8819
      vertex 35 -86 41.5
      vertex 35 -79.5556 31.8315
    endloop
  endfacet
  facet normal 1 0 0
    outer loop
      vertex 35 -79.5556 31.8315
      vertex 35 -86 41.5
      vertex 35 -79.6344 31.773
    endloop
  endfacet
  facet normal 1 0 0
    outer loop
      vertex 35 -79.6344 31.773
      vertex 35 -86 41.5
      vertex 35 -79.7071 31.7071
    endloop
  endfacet
  facet normal 1 0 0
    outer loop
      vertex 35 -79.7071 31.7071
      vertex 35 -86 41.5
      vertex 35 -79.773 31.6344
    endloop
  endfacet
  facet normal 1 0 0
    outer loop
      vertex 35 -79.773 31.6344
      vertex 35 -86 41.5
      vertex 35 -79.8315 31.5556
    endloop
  endfacet
  facet normal 1 0 0
    outer loop
      vertex 35 -79.8315 31.5556
      vertex 35 -86 41.5
      vertex 35 -79.8819 31.4714
    endloop
  endfacet
  facet normal 1 0 0
    outer loop
      vertex 35 -79.8819 31.4714
      vertex 35 -86 41.5
      vertex 35 -79.9239 31.3827
    endloop
  endfacet
  facet normal 1 0 0
    outer loop
      vertex 35 -86 -6
      vertex 35 -81 5.2
      vertex 35 -86 41.5
    endloop
  endfacet
  facet normal 1 0 0
    outer loop
      vertex 35 -79.9569 30.7097
      vertex 35 -86 41.5
      vertex 35 -81 5.2
    endloop
  endfacet
  facet normal 1 0 0
    outer loop
      vertex 35 -79.9952 31.098
      vertex 35 -86 41.5
      vertex 35 -80 31
    endloop
  endfacet
  facet normal 1 0 0
    outer loop
      vertex 35 -79.9808 31.1951
      vertex 35 -86 41.5
      vertex 35 -79.9952 31.098
    endloop
  endfacet
  facet normal 1 0 0
    outer loop
      vertex 35 -79.9569 31.2903
      vertex 35 -86 41.5
      vertex 35 -79.9808 31.1951
    endloop
  endfacet
  facet normal 1 0 0
    outer loop
      vertex 35 -79.9239 31.3827
      vertex 35 -86 41.5
      vertex 35 -79.9569 31.2903
    endloop
  endfacet
  facet normal 1 0 0
    outer loop
      vertex 35 -60 11.5
      vertex 35 -74.5072 13.147
      vertex 35 -74.5 13
    endloop
  endfacet
  facet normal 1 0 0
    outer loop
      vertex 35 -60 11.5
      vertex 35 -74.5288 13.2926
      vertex 35 -74.5072 13.147
    endloop
  endfacet
  facet normal 1 0 0
    outer loop
      vertex 35 -60 11.5
      vertex 35 -74.5646 13.4354
      vertex 35 -74.5288 13.2926
    endloop
  endfacet
  facet normal 1 0 0
    outer loop
      vertex 35 -60 11.5
      vertex 35 -74.6142 13.574
      vertex 35 -74.5646 13.4354
    endloop
  endfacet
  facet normal 1 0 0
    outer loop
      vertex 35 -60 11.5
      vertex 35 -74.6771 13.7071
      vertex 35 -74.6142 13.574
    endloop
  endfacet
  facet normal 1 0 0
    outer loop
      vertex 35 -73 24.5
      vertex 35 -74.7528 13.8334
      vertex 35 -74.6771 13.7071
    endloop
  endfacet
  facet normal 1 0 0
    outer loop
      vertex 35 -73 24.5
      vertex 35 -74.8405 13.9516
      vertex 35 -74.7528 13.8334
    endloop
  endfacet
  facet normal 1 0 0
    outer loop
      vertex 35 -73 24.5
      vertex 35 -74.9393 14.0607
      vertex 35 -74.8405 13.9516
    endloop
  endfacet
  facet normal 1 0 0
    outer loop
      vertex 35 -73 24.5
      vertex 35 -75.0484 14.1595
      vertex 35 -74.9393 14.0607
    endloop
  endfacet
  facet normal 1 0 0
    outer loop
      vertex 35 -73 24.5
      vertex 35 -75.1666 14.2472
      vertex 35 -75.0484 14.1595
    endloop
  endfacet
  facet normal 1 0 0
    outer loop
      vertex 35 -73 24.5
      vertex 35 -75.2929 14.3229
      vertex 35 -75.1666 14.2472
    endloop
  endfacet
  facet normal 1 0 0
    outer loop
      vertex 35 -73 24.5
      vertex 35 -75.426 14.3858
      vertex 35 -75.2929 14.3229
    endloop
  endfacet
  facet normal 1 0 0
    outer loop
      vertex 35 -73 24.5
      vertex 35 -75.5646 14.4354
      vertex 35 -75.426 14.3858
    endloop
  endfacet
  facet normal 1 0 0
    outer loop
      vertex 35 -73 24.5
      vertex 35 -75.7074 14.4712
      vertex 35 -75.5646 14.4354
    endloop
  endfacet
  facet normal 1 0 0
    outer loop
      vertex 35 -73 24.5
      vertex 35 -75.853 14.4928
      vertex 35 -75.7074 14.4712
    endloop
  endfacet
  facet normal 1 -0 0
    outer loop
      vertex 35 -77 24.5
      vertex 35 -75.853 14.4928
      vertex 35 -73 24.5
    endloop
  endfacet
  facet normal 1 0 0
    outer loop
      vertex 35 -75.853 14.4928
      vertex 35 -77 24.5
      vertex 35 -76 14.5
    endloop
  endfacet
  facet normal 1 0 0
    outer loop
      vertex 35 -76 14.5
      vertex 35 -77 24.5
      vertex 35 -76.147 14.4928
    endloop
  endfacet
  facet normal 1 0 0
    outer loop
      vertex 35 -76.147 14.4928
      vertex 35 -77 24.5
      vertex 35 -76.2926 14.4712
    endloop
  endfacet
  facet normal 1 0 0
    outer loop
      vertex 35 -76.2926 14.4712
      vertex 35 -77 24.5
      vertex 35 -76.4354 14.4354
    endloop
  endfacet
  facet normal 1 0 0
    outer loop
      vertex 35 -76.4354 14.4354
      vertex 35 -77 24.5
      vertex 35 -76.574 14.3858
    endloop
  endfacet
  facet normal 1 0 0
    outer loop
      vertex 35 -76.574 14.3858
      vertex 35 -77 24.5
      vertex 35 -76.7071 14.3229
    endloop
  endfacet
  facet normal 1 0 0
    outer loop
      vertex 35 -76.7071 14.3229
      vertex 35 -77 24.5
      vertex 35 -76.8334 14.2472
    endloop
  endfacet
  facet normal 1 0 0
    outer loop
      vertex 35 -76.8334 14.2472
      vertex 35 -77 24.5
      vertex 35 -76.9516 14.1595
    endloop
  endfacet
  facet normal 1 0 0
    outer loop
      vertex 35 -76.9516 14.1595
      vertex 35 -77 24.5
      vertex 35 -77.0607 14.0607
    endloop
  endfacet
  facet normal 1 -0 0
    outer loop
      vertex 35 -60 11.5
      vertex 35 -46 5.2
      vertex 35 -46 11.5
    endloop
  endfacet
  facet normal 1 -0 0
    outer loop
      vertex 35 -74.6771 13.7071
      vertex 35 -60 11.5
      vertex 35 -73 24.5
    endloop
  endfacet
  facet normal 1 -0 0
    outer loop
      vertex 35 -74.5072 12.853
      vertex 35 -60 11.5
      vertex 35 -74.5 13
    endloop
  endfacet
  facet normal 1 -0 0
    outer loop
      vertex 35 -74.5288 12.7074
      vertex 35 -60 11.5
      vertex 35 -74.5072 12.853
    endloop
  endfacet
  facet normal 1 -0 0
    outer loop
      vertex 35 -74.5646 12.5646
      vertex 35 -60 11.5
      vertex 35 -74.5288 12.7074
    endloop
  endfacet
  facet normal 1 -0 0
    outer loop
      vertex 35 -74.6142 12.426
      vertex 35 -60 11.5
      vertex 35 -74.5646 12.5646
    endloop
  endfacet
  facet normal 1 -0 0
    outer loop
      vertex 35 -74.6771 12.2929
      vertex 35 -60 11.5
      vertex 35 -74.6142 12.426
    endloop
  endfacet
  facet normal 1 -0 0
    outer loop
      vertex 35 -74.7528 12.1666
      vertex 35 -60 11.5
      vertex 35 -74.6771 12.2929
    endloop
  endfacet
  facet normal 1 -0 0
    outer loop
      vertex 35 -74.8405 12.0484
      vertex 35 -60 11.5
      vertex 35 -74.7528 12.1666
    endloop
  endfacet
  facet normal 1 -0 0
    outer loop
      vertex 35 -74.9393 11.9393
      vertex 35 -60 11.5
      vertex 35 -74.8405 12.0484
    endloop
  endfacet
  facet normal 1 -0 0
    outer loop
      vertex 35 -75.0484 11.8405
      vertex 35 -60 11.5
      vertex 35 -74.9393 11.9393
    endloop
  endfacet
  facet normal 1 -0 0
    outer loop
      vertex 35 -75.1666 11.7528
      vertex 35 -60 11.5
      vertex 35 -75.0484 11.8405
    endloop
  endfacet
  facet normal 1 0 0
    outer loop
      vertex 35 -81 5.2
      vertex 35 -60 11.5
      vertex 35 -75.1666 11.7528
    endloop
  endfacet
  facet normal 1 0 0
    outer loop
      vertex 35 -81 5.2
      vertex 35 -75.1666 11.7528
      vertex 35 -75.2929 11.6771
    endloop
  endfacet
  facet normal 1 0 0
    outer loop
      vertex 35 -81 5.2
      vertex 35 -75.2929 11.6771
      vertex 35 -75.426 11.6142
    endloop
  endfacet
  facet normal 1 0 0
    outer loop
      vertex 35 -81 5.2
      vertex 35 -75.426 11.6142
      vertex 35 -75.5646 11.5646
    endloop
  endfacet
  facet normal 1 0 0
    outer loop
      vertex 35 -81 5.2
      vertex 35 -75.5646 11.5646
      vertex 35 -75.7074 11.5288
    endloop
  endfacet
  facet normal 1 0 0
    outer loop
      vertex 35 -81 5.2
      vertex 35 -75.7074 11.5288
      vertex 35 -75.853 11.5072
    endloop
  endfacet
  facet normal 1 0 0
    outer loop
      vertex 35 -81 5.2
      vertex 35 -75.853 11.5072
      vertex 35 -76 11.5
    endloop
  endfacet
  facet normal 1 0 0
    outer loop
      vertex 35 -81 5.2
      vertex 35 -76 11.5
      vertex 35 -76.147 11.5072
    endloop
  endfacet
  facet normal 1 0 0
    outer loop
      vertex 35 -81 5.2
      vertex 35 -76.147 11.5072
      vertex 35 -76.2926 11.5288
    endloop
  endfacet
  facet normal 1 -0 0
    outer loop
      vertex 35 -78.4444 30.1685
      vertex 35 -77 24.5
      vertex 35 -78.3656 30.227
    endloop
  endfacet
  facet normal 1 -0 0
    outer loop
      vertex 35 -78.5286 30.1181
      vertex 35 -77 24.5
      vertex 35 -78.4444 30.1685
    endloop
  endfacet
  facet normal 1 -0 0
    outer loop
      vertex 35 -78.6173 30.0761
      vertex 35 -77 24.5
      vertex 35 -78.5286 30.1181
    endloop
  endfacet
  facet normal 1 -0 0
    outer loop
      vertex 35 -78.7097 30.0431
      vertex 35 -77 24.5
      vertex 35 -78.6173 30.0761
    endloop
  endfacet
  facet normal 1 -0 0
    outer loop
      vertex 35 -78.8049 30.0192
      vertex 35 -77 24.5
      vertex 35 -78.7097 30.0431
    endloop
  endfacet
  facet normal 1 -0 0
    outer loop
      vertex 35 -78.902 30.0048
      vertex 35 -77 24.5
      vertex 35 -78.8049 30.0192
    endloop
  endfacet
  facet normal 1 -0 0
    outer loop
      vertex 35 -79 30
      vertex 35 -77 24.5
      vertex 35 -78.902 30.0048
    endloop
  endfacet
  facet normal 1 0 0
    outer loop
      vertex 35 -79.098 30.0048
      vertex 35 -77 24.5
      vertex 35 -79 30
    endloop
  endfacet
  facet normal 1 0 0
    outer loop
      vertex 35 -79.1951 30.0192
      vertex 35 -77 24.5
      vertex 35 -79.098 30.0048
    endloop
  endfacet
  facet normal 1 0 0
    outer loop
      vertex 35 -79.2903 30.0431
      vertex 35 -77 24.5
      vertex 35 -79.1951 30.0192
    endloop
  endfacet
  facet normal 1 0 0
    outer loop
      vertex 35 -79.3827 30.0761
      vertex 35 -77 24.5
      vertex 35 -79.2903 30.0431
    endloop
  endfacet
  facet normal 1 0 0
    outer loop
      vertex 35 -79.4714 30.1181
      vertex 35 -77 24.5
      vertex 35 -79.3827 30.0761
    endloop
  endfacet
  facet normal 1 0 0
    outer loop
      vertex 35 -79.5556 30.1685
      vertex 35 -77 24.5
      vertex 35 -79.4714 30.1181
    endloop
  endfacet
  facet normal 1 0 0
    outer loop
      vertex 35 -77 24.5
      vertex 35 -77.1595 13.9516
      vertex 35 -77.0607 14.0607
    endloop
  endfacet
  facet normal 1 0 0
    outer loop
      vertex 35 -79.6344 30.227
      vertex 35 -77 24.5
      vertex 35 -79.5556 30.1685
    endloop
  endfacet
  facet normal 1 0 0
    outer loop
      vertex 35 -77 24.5
      vertex 35 -77.2472 13.8334
      vertex 35 -77.1595 13.9516
    endloop
  endfacet
  facet normal 1 0 0
    outer loop
      vertex 35 -79.7071 30.2929
      vertex 35 -77 24.5
      vertex 35 -79.6344 30.227
    endloop
  endfacet
  facet normal 1 0 0
    outer loop
      vertex 35 -77 24.5
      vertex 35 -77.3229 13.7071
      vertex 35 -77.2472 13.8334
    endloop
  endfacet
  facet normal 1 0 0
    outer loop
      vertex 35 -79.773 30.3656
      vertex 35 -77 24.5
      vertex 35 -79.7071 30.2929
    endloop
  endfacet
  facet normal 1 0 0
    outer loop
      vertex 35 -79.8315 30.4444
      vertex 35 -77 24.5
      vertex 35 -79.773 30.3656
    endloop
  endfacet
  facet normal 1 0 0
    outer loop
      vertex 35 -77 24.5
      vertex 35 -77.3858 13.574
      vertex 35 -77.3229 13.7071
    endloop
  endfacet
  facet normal 1 0 0
    outer loop
      vertex 35 -77 24.5
      vertex 35 -79.8315 30.4444
      vertex 35 -77.3858 13.574
    endloop
  endfacet
  facet normal 1 0 0
    outer loop
      vertex 35 -77.3858 13.574
      vertex 35 -79.8315 30.4444
      vertex 35 -77.4354 13.4354
    endloop
  endfacet
  facet normal 1 0 0
    outer loop
      vertex 35 -79.8819 30.5286
      vertex 35 -77.4354 13.4354
      vertex 35 -79.8315 30.4444
    endloop
  endfacet
  facet normal 1 0 0
    outer loop
      vertex 35 -77.4354 13.4354
      vertex 35 -79.8819 30.5286
      vertex 35 -77.4712 13.2926
    endloop
  endfacet
  facet normal 1 0 0
    outer loop
      vertex 35 -81 5.2
      vertex 35 -77.4712 13.2926
      vertex 35 -79.8819 30.5286
    endloop
  endfacet
  facet normal 1 0 0
    outer loop
      vertex 35 -77.4712 13.2926
      vertex 35 -81 5.2
      vertex 35 -77.4928 13.147
    endloop
  endfacet
  facet normal 1 0 0
    outer loop
      vertex 35 -77.4928 13.147
      vertex 35 -81 5.2
      vertex 35 -77.5 13
    endloop
  endfacet
  facet normal 1 0 0
    outer loop
      vertex 35 -81 5.2
      vertex 35 -79.8819 30.5286
      vertex 35 -79.9239 30.6173
    endloop
  endfacet
  facet normal 1 0 0
    outer loop
      vertex 35 -81 5.2
      vertex 35 -79.9239 30.6173
      vertex 35 -79.9569 30.7097
    endloop
  endfacet
  facet normal 1 0 0
    outer loop
      vertex 35 -86 41.5
      vertex 35 -79.9569 30.7097
      vertex 35 -79.9808 30.8049
    endloop
  endfacet
  facet normal 1 0 0
    outer loop
      vertex 35 -86 41.5
      vertex 35 -79.9808 30.8049
      vertex 35 -79.9952 30.902
    endloop
  endfacet
  facet normal 1 0 0
    outer loop
      vertex 35 -60 11.5
      vertex 35 -81 5.2
      vertex 35 -46 5.2
    endloop
  endfacet
  facet normal 1 0 0
    outer loop
      vertex 35 -76.4354 11.5646
      vertex 35 -81 5.2
      vertex 35 -76.2926 11.5288
    endloop
  endfacet
  facet normal 1 0 0
    outer loop
      vertex 35 -76.574 11.6142
      vertex 35 -81 5.2
      vertex 35 -76.4354 11.5646
    endloop
  endfacet
  facet normal 1 0 0
    outer loop
      vertex 35 -76.7071 11.6771
      vertex 35 -81 5.2
      vertex 35 -76.574 11.6142
    endloop
  endfacet
  facet normal 1 0 0
    outer loop
      vertex 35 -76.8334 11.7528
      vertex 35 -81 5.2
      vertex 35 -76.7071 11.6771
    endloop
  endfacet
  facet normal 1 0 0
    outer loop
      vertex 35 -76.9516 11.8405
      vertex 35 -81 5.2
      vertex 35 -76.8334 11.7528
    endloop
  endfacet
  facet normal 1 0 0
    outer loop
      vertex 35 -77.0607 11.9393
      vertex 35 -81 5.2
      vertex 35 -76.9516 11.8405
    endloop
  endfacet
  facet normal 1 0 0
    outer loop
      vertex 35 -77.1595 12.0484
      vertex 35 -81 5.2
      vertex 35 -77.0607 11.9393
    endloop
  endfacet
  facet normal 1 0 0
    outer loop
      vertex 35 -77.2472 12.1666
      vertex 35 -81 5.2
      vertex 35 -77.1595 12.0484
    endloop
  endfacet
  facet normal 1 0 0
    outer loop
      vertex 35 -77.3229 12.2929
      vertex 35 -81 5.2
      vertex 35 -77.2472 12.1666
    endloop
  endfacet
  facet normal 1 0 0
    outer loop
      vertex 35 -77.3858 12.426
      vertex 35 -81 5.2
      vertex 35 -77.3229 12.2929
    endloop
  endfacet
  facet normal 1 0 0
    outer loop
      vertex 35 -77.4354 12.5646
      vertex 35 -81 5.2
      vertex 35 -77.3858 12.426
    endloop
  endfacet
  facet normal 1 0 0
    outer loop
      vertex 35 -77.4712 12.7074
      vertex 35 -81 5.2
      vertex 35 -77.4354 12.5646
    endloop
  endfacet
  facet normal 1 0 0
    outer loop
      vertex 35 -77.4928 12.853
      vertex 35 -81 5.2
      vertex 35 -77.4712 12.7074
    endloop
  endfacet
  facet normal 1 0 0
    outer loop
      vertex 35 -77.5 13
      vertex 35 -81 5.2
      vertex 35 -77.4928 12.853
    endloop
  endfacet
  facet normal 1 0 0
    outer loop
      vertex 35 -86 41.5
      vertex 35 -79.9952 30.902
      vertex 35 -80 31
    endloop
  endfacet
  facet normal 1 0 0
    outer loop
      vertex 35 -31.0192 21.8049
      vertex 35 -29 26
      vertex 35 -31.0048 21.902
    endloop
  endfacet
  facet normal 1 0 0
    outer loop
      vertex 35 -29 26
      vertex 35 -31.0048 12.098
      vertex 35 -31 12
    endloop
  endfacet
  facet normal 1 0 0
    outer loop
      vertex 35 -31.0431 21.7097
      vertex 35 -29 26
      vertex 35 -31.0192 21.8049
    endloop
  endfacet
  facet normal 1 0 0
    outer loop
      vertex 35 -29 26
      vertex 35 -31.0192 12.1951
      vertex 35 -31.0048 12.098
    endloop
  endfacet
  facet normal 1 0 0
    outer loop
      vertex 35 -31.0431 12.2903
      vertex 35 -29 26
      vertex 35 -31.0431 21.7097
    endloop
  endfacet
  facet normal 1 0 0
    outer loop
      vertex 35 -29 26
      vertex 35 -31.0431 12.2903
      vertex 35 -31.0192 12.1951
    endloop
  endfacet
  facet normal 1 -0 0
    outer loop
      vertex 35 -31.0761 21.6173
      vertex 35 -31.0431 12.2903
      vertex 35 -31.0431 21.7097
    endloop
  endfacet
  facet normal 1 0 0
    outer loop
      vertex 35 -31.0761 21.6173
      vertex 35 -31.0761 12.3827
      vertex 35 -31.0431 12.2903
    endloop
  endfacet
  facet normal 1 -0 0
    outer loop
      vertex 35 -31.1181 21.5286
      vertex 35 -31.0761 12.3827
      vertex 35 -31.0761 21.6173
    endloop
  endfacet
  facet normal 1 0 0
    outer loop
      vertex 35 -31.1181 21.5286
      vertex 35 -31.1181 12.4714
      vertex 35 -31.0761 12.3827
    endloop
  endfacet
  facet normal 1 -0 0
    outer loop
      vertex 35 -31.1685 21.4444
      vertex 35 -31.1181 12.4714
      vertex 35 -31.1181 21.5286
    endloop
  endfacet
  facet normal 1 0 0
    outer loop
      vertex 35 -31.1685 21.4444
      vertex 35 -31.1685 12.5556
      vertex 35 -31.1181 12.4714
    endloop
  endfacet
  facet normal 1 -0 0
    outer loop
      vertex 35 -31.227 21.3656
      vertex 35 -31.1685 12.5556
      vertex 35 -31.1685 21.4444
    endloop
  endfacet
  facet normal 1 0 0
    outer loop
      vertex 35 -31.227 21.3656
      vertex 35 -31.227 12.6344
      vertex 35 -31.1685 12.5556
    endloop
  endfacet
  facet normal 1 -0 0
    outer loop
      vertex 35 -31.2929 21.2929
      vertex 35 -31.227 12.6344
      vertex 35 -31.227 21.3656
    endloop
  endfacet
  facet normal 1 0 0
    outer loop
      vertex 35 -31.2929 21.2929
      vertex 35 -31.2929 12.7071
      vertex 35 -31.227 12.6344
    endloop
  endfacet
  facet normal 1 -0 0
    outer loop
      vertex 35 -31.3656 21.227
      vertex 35 -31.2929 12.7071
      vertex 35 -31.2929 21.2929
    endloop
  endfacet
  facet normal 1 0 0
    outer loop
      vertex 35 -31.3656 21.227
      vertex 35 -31.3656 12.773
      vertex 35 -31.2929 12.7071
    endloop
  endfacet
  facet normal 1 -0 0
    outer loop
      vertex 35 -31.4444 21.1685
      vertex 35 -31.3656 12.773
      vertex 35 -31.3656 21.227
    endloop
  endfacet
  facet normal 1 0 0
    outer loop
      vertex 35 -31.4444 21.1685
      vertex 35 -31.4444 12.8315
      vertex 35 -31.3656 12.773
    endloop
  endfacet
  facet normal 1 -0 0
    outer loop
      vertex 35 -31.5286 21.1181
      vertex 35 -31.4444 12.8315
      vertex 35 -31.4444 21.1685
    endloop
  endfacet
  facet normal 1 0 0
    outer loop
      vertex 35 -31.5286 21.1181
      vertex 35 -31.5286 12.8819
      vertex 35 -31.4444 12.8315
    endloop
  endfacet
  facet normal 1 -0 0
    outer loop
      vertex 35 -31.6173 21.0761
      vertex 35 -31.5286 12.8819
      vertex 35 -31.5286 21.1181
    endloop
  endfacet
  facet normal 1 0 0
    outer loop
      vertex 35 -31.6173 21.0761
      vertex 35 -31.6173 12.9239
      vertex 35 -31.5286 12.8819
    endloop
  endfacet
  facet normal 1 -0 0
    outer loop
      vertex 35 -31.7097 21.0431
      vertex 35 -31.6173 12.9239
      vertex 35 -31.6173 21.0761
    endloop
  endfacet
  facet normal 1 0 0
    outer loop
      vertex 35 -31.7097 21.0431
      vertex 35 -31.7097 12.9569
      vertex 35 -31.6173 12.9239
    endloop
  endfacet
  facet normal 1 -0 0
    outer loop
      vertex 35 -31.8049 21.0192
      vertex 35 -31.7097 12.9569
      vertex 35 -31.7097 21.0431
    endloop
  endfacet
  facet normal 1 0 0
    outer loop
      vertex 35 -31.8049 21.0192
      vertex 35 -31.8049 12.9808
      vertex 35 -31.7097 12.9569
    endloop
  endfacet
  facet normal 1 -0 0
    outer loop
      vertex 35 -31.902 21.0048
      vertex 35 -31.8049 12.9808
      vertex 35 -31.8049 21.0192
    endloop
  endfacet
  facet normal 1 0 0
    outer loop
      vertex 35 -31.902 21.0048
      vertex 35 -31.902 12.9952
      vertex 35 -31.8049 12.9808
    endloop
  endfacet
  facet normal 1 -0 0
    outer loop
      vertex 35 -32 21
      vertex 35 -31.902 12.9952
      vertex 35 -31.902 21.0048
    endloop
  endfacet
  facet normal 1 0 0
    outer loop
      vertex 35 -32 21
      vertex 35 -32 13
      vertex 35 -31.902 12.9952
    endloop
  endfacet
  facet normal 1 0 0
    outer loop
      vertex 35 -32.098 21.0048
      vertex 35 -32 13
      vertex 35 -32 21
    endloop
  endfacet
  facet normal 1 0 0
    outer loop
      vertex 35 -32.098 21.0048
      vertex 35 -32.098 12.9952
      vertex 35 -32 13
    endloop
  endfacet
  facet normal 1 0 0
    outer loop
      vertex 35 -32.1951 21.0192
      vertex 35 -32.098 12.9952
      vertex 35 -32.098 21.0048
    endloop
  endfacet
  facet normal 1 0 0
    outer loop
      vertex 35 -32.1951 21.0192
      vertex 35 -32.1951 12.9808
      vertex 35 -32.098 12.9952
    endloop
  endfacet
  facet normal 1 0 0
    outer loop
      vertex 35 -32.2903 21.0431
      vertex 35 -32.1951 12.9808
      vertex 35 -32.1951 21.0192
    endloop
  endfacet
  facet normal 1 0 0
    outer loop
      vertex 35 -32.2903 21.0431
      vertex 35 -32.2903 12.9569
      vertex 35 -32.1951 12.9808
    endloop
  endfacet
  facet normal 1 0 0
    outer loop
      vertex 35 -32.3827 21.0761
      vertex 35 -32.2903 12.9569
      vertex 35 -32.2903 21.0431
    endloop
  endfacet
  facet normal 1 0 0
    outer loop
      vertex 35 -32.3827 21.0761
      vertex 35 -32.3827 12.9239
      vertex 35 -32.2903 12.9569
    endloop
  endfacet
  facet normal 1 0 0
    outer loop
      vertex 35 -32.4714 21.1181
      vertex 35 -32.3827 12.9239
      vertex 35 -32.3827 21.0761
    endloop
  endfacet
  facet normal 1 0 0
    outer loop
      vertex 35 -32.4714 21.1181
      vertex 35 -32.4714 12.8819
      vertex 35 -32.3827 12.9239
    endloop
  endfacet
  facet normal 1 0 0
    outer loop
      vertex 35 -32.5556 21.1685
      vertex 35 -32.4714 12.8819
      vertex 35 -32.4714 21.1181
    endloop
  endfacet
  facet normal 1 0 0
    outer loop
      vertex 35 -32.5556 21.1685
      vertex 35 -32.5556 12.8315
      vertex 35 -32.4714 12.8819
    endloop
  endfacet
  facet normal 1 0 0
    outer loop
      vertex 35 -40 17.5
      vertex 35 -32.5556 21.1685
      vertex 35 -32.6344 21.227
    endloop
  endfacet
  facet normal 1 0 0
    outer loop
      vertex 35 -32.5556 21.1685
      vertex 35 -40 17.5
      vertex 35 -32.5556 12.8315
    endloop
  endfacet
  facet normal 1 0 0
    outer loop
      vertex 35 -40 17.5
      vertex 35 -32.6344 21.227
      vertex 35 -32.7071 21.2929
    endloop
  endfacet
  facet normal 1 0 0
    outer loop
      vertex 35 -32.5556 12.8315
      vertex 35 -40 17.5
      vertex 35 -32.6344 12.773
    endloop
  endfacet
  facet normal 1 0 0
    outer loop
      vertex 35 -40 17.5
      vertex 35 -32.7071 21.2929
      vertex 35 -32.773 21.3656
    endloop
  endfacet
  facet normal 1 0 0
    outer loop
      vertex 35 -32.6344 12.773
      vertex 35 -40 17.5
      vertex 35 -32.7071 12.7071
    endloop
  endfacet
  facet normal 1 0 0
    outer loop
      vertex 35 -40 17.5
      vertex 35 -32.773 21.3656
      vertex 35 -32.8315 21.4444
    endloop
  endfacet
  facet normal 1 0 0
    outer loop
      vertex 35 -32.7071 12.7071
      vertex 35 -40 17.5
      vertex 35 -32.773 12.6344
    endloop
  endfacet
  facet normal 1 0 0
    outer loop
      vertex 35 -40 17.5
      vertex 35 -32.8315 21.4444
      vertex 35 -32.8819 21.5286
    endloop
  endfacet
  facet normal 1 0 0
    outer loop
      vertex 35 -32.773 12.6344
      vertex 35 -40 17.5
      vertex 35 -32.8315 12.5556
    endloop
  endfacet
  facet normal 1 0 0
    outer loop
      vertex 35 -40 17.5
      vertex 35 -32.8819 21.5286
      vertex 35 -32.9239 21.6173
    endloop
  endfacet
  facet normal 1 0 0
    outer loop
      vertex 35 -32.8315 12.5556
      vertex 35 -40 17.5
      vertex 35 -32.8819 12.4714
    endloop
  endfacet
  facet normal 1 0 0
    outer loop
      vertex 35 -40 17.5
      vertex 35 -32.9239 21.6173
      vertex 35 -32.9569 21.7097
    endloop
  endfacet
  facet normal 1 0 0
    outer loop
      vertex 35 -32.8819 12.4714
      vertex 35 -40 17.5
      vertex 35 -32.9239 12.3827
    endloop
  endfacet
  facet normal 1 0 0
    outer loop
      vertex 35 -40 17.5
      vertex 35 -32.9569 21.7097
      vertex 35 -32.9808 21.8049
    endloop
  endfacet
  facet normal 1 0 0
    outer loop
      vertex 35 -32.9239 12.3827
      vertex 35 -40 17.5
      vertex 35 -32.9569 12.2903
    endloop
  endfacet
  facet normal 1 0 0
    outer loop
      vertex 35 -40 17.5
      vertex 35 -32.9808 21.8049
      vertex 35 -32.9952 21.902
    endloop
  endfacet
  facet normal 1 0 0
    outer loop
      vertex 35 -32.9569 12.2903
      vertex 35 -40 17.5
      vertex 35 -32.9808 12.1951
    endloop
  endfacet
  facet normal 1 0 0
    outer loop
      vertex 35 -40 17.5
      vertex 35 -32.9952 21.902
      vertex 35 -33 22
    endloop
  endfacet
  facet normal 1 0 0
    outer loop
      vertex 35 -32.9808 12.1951
      vertex 35 -40 17.5
      vertex 35 -32.9952 12.098
    endloop
  endfacet
  facet normal 1 0 0
    outer loop
      vertex 35 -31.0048 21.902
      vertex 35 -29 26
      vertex 35 -31 22
    endloop
  endfacet
  facet normal 1 0 0
    outer loop
      vertex 35 -29 26
      vertex 35 -31.0048 22.098
      vertex 35 -31 22
    endloop
  endfacet
  facet normal 1 0 0
    outer loop
      vertex 35 -29 26
      vertex 35 -31.0192 22.1951
      vertex 35 -31.0048 22.098
    endloop
  endfacet
  facet normal 1 0 0
    outer loop
      vertex 35 -29 26
      vertex 35 -31.0431 22.2903
      vertex 35 -31.0192 22.1951
    endloop
  endfacet
  facet normal 1 0 0
    outer loop
      vertex 35 -29 26
      vertex 35 -31.0761 22.3827
      vertex 35 -31.0431 22.2903
    endloop
  endfacet
  facet normal 1 0 0
    outer loop
      vertex 35 -29 26
      vertex 35 -31.1181 22.4714
      vertex 35 -31.0761 22.3827
    endloop
  endfacet
  facet normal 1 0 0
    outer loop
      vertex 35 -29 26
      vertex 35 -31.1685 22.5556
      vertex 35 -31.1181 22.4714
    endloop
  endfacet
  facet normal 1 0 0
    outer loop
      vertex 35 -29 26
      vertex 35 -31.227 22.6344
      vertex 35 -31.1685 22.5556
    endloop
  endfacet
  facet normal 1 0 0
    outer loop
      vertex 35 -29 26
      vertex 35 -31.2929 22.7071
      vertex 35 -31.227 22.6344
    endloop
  endfacet
  facet normal 1 0 0
    outer loop
      vertex 35 -29 26
      vertex 35 -31.3656 22.773
      vertex 35 -31.2929 22.7071
    endloop
  endfacet
  facet normal 1 0 0
    outer loop
      vertex 35 -29 26
      vertex 35 -31.4444 22.8315
      vertex 35 -31.3656 22.773
    endloop
  endfacet
  facet normal 1 0 0
    outer loop
      vertex 35 -29 26
      vertex 35 -31.5286 22.8819
      vertex 35 -31.4444 22.8315
    endloop
  endfacet
  facet normal 1 0 0
    outer loop
      vertex 35 -29 26
      vertex 35 -31.6173 22.9239
      vertex 35 -31.5286 22.8819
    endloop
  endfacet
  facet normal 1 0 0
    outer loop
      vertex 35 -29 26
      vertex 35 -31.7097 22.9569
      vertex 35 -31.6173 22.9239
    endloop
  endfacet
  facet normal 1 0 0
    outer loop
      vertex 35 -29 26
      vertex 35 -31.8049 22.9808
      vertex 35 -31.7097 22.9569
    endloop
  endfacet
  facet normal 1 0 0
    outer loop
      vertex 35 -29 26
      vertex 35 -31.902 22.9952
      vertex 35 -31.8049 22.9808
    endloop
  endfacet
  facet normal 1 0 0
    outer loop
      vertex 35 -29 26
      vertex 35 -32 23
      vertex 35 -31.902 22.9952
    endloop
  endfacet
  facet normal 1 0 0
    outer loop
      vertex 35 -29 26
      vertex 35 -32.098 22.9952
      vertex 35 -32 23
    endloop
  endfacet
  facet normal 1 0 0
    outer loop
      vertex 35 -29 26
      vertex 35 -32.1951 22.9808
      vertex 35 -32.098 22.9952
    endloop
  endfacet
  facet normal 1 0 0
    outer loop
      vertex 35 -29 26
      vertex 35 -32.2903 22.9569
      vertex 35 -32.1951 22.9808
    endloop
  endfacet
  facet normal 1 0 0
    outer loop
      vertex 35 -29 26
      vertex 35 -32.3827 22.9239
      vertex 35 -32.2903 22.9569
    endloop
  endfacet
  facet normal 1 -0 0
    outer loop
      vertex 35 -40 26
      vertex 35 -32.3827 22.9239
      vertex 35 -29 26
    endloop
  endfacet
  facet normal 1 0 0
    outer loop
      vertex 35 -32.3827 22.9239
      vertex 35 -40 26
      vertex 35 -32.4714 22.8819
    endloop
  endfacet
  facet normal 1 0 0
    outer loop
      vertex 35 -32.4714 22.8819
      vertex 35 -40 26
      vertex 35 -32.5556 22.8315
    endloop
  endfacet
  facet normal 1 0 0
    outer loop
      vertex 35 -40 17.5
      vertex 35 -33 22
      vertex 35 -40 26
    endloop
  endfacet
  facet normal 1 0 0
    outer loop
      vertex 35 -32.9952 22.098
      vertex 35 -40 26
      vertex 35 -33 22
    endloop
  endfacet
  facet normal 1 0 0
    outer loop
      vertex 35 -32.9808 22.1951
      vertex 35 -40 26
      vertex 35 -32.9952 22.098
    endloop
  endfacet
  facet normal 1 0 0
    outer loop
      vertex 35 -32.9569 22.2903
      vertex 35 -40 26
      vertex 35 -32.9808 22.1951
    endloop
  endfacet
  facet normal 1 0 0
    outer loop
      vertex 35 -32.9239 22.3827
      vertex 35 -40 26
      vertex 35 -32.9569 22.2903
    endloop
  endfacet
  facet normal 1 0 0
    outer loop
      vertex 35 -32.8819 22.4714
      vertex 35 -40 26
      vertex 35 -32.9239 22.3827
    endloop
  endfacet
  facet normal 1 0 0
    outer loop
      vertex 35 -32.8315 22.5556
      vertex 35 -40 26
      vertex 35 -32.8819 22.4714
    endloop
  endfacet
  facet normal 1 0 0
    outer loop
      vertex 35 -32.773 22.6344
      vertex 35 -40 26
      vertex 35 -32.8315 22.5556
    endloop
  endfacet
  facet normal 1 0 0
    outer loop
      vertex 35 -32.7071 22.7071
      vertex 35 -40 26
      vertex 35 -32.773 22.6344
    endloop
  endfacet
  facet normal 1 0 0
    outer loop
      vertex 35 -32.6344 22.773
      vertex 35 -40 26
      vertex 35 -32.7071 22.7071
    endloop
  endfacet
  facet normal 1 0 0
    outer loop
      vertex 35 -32.5556 22.8315
      vertex 35 -40 26
      vertex 35 -32.6344 22.773
    endloop
  endfacet
  facet normal 1 0 0
    outer loop
      vertex 35 -11 0
      vertex 35 -1 8
      vertex 35 -11 8
    endloop
  endfacet
  facet normal 1 0 0
    outer loop
      vertex 35 -1 8
      vertex 35 -11 0
      vertex 35 -1 -6
    endloop
  endfacet
  facet normal 1 -0 0
    outer loop
      vertex 35 -29 0
      vertex 35 -1 -6
      vertex 35 -11 0
    endloop
  endfacet
  facet normal 1 0 0
    outer loop
      vertex 35 -29 26
      vertex 35 -31 12
      vertex 35 -29 0
    endloop
  endfacet
  facet normal 1 -0 0
    outer loop
      vertex 35 -31.0048 11.902
      vertex 35 -29 0
      vertex 35 -31 12
    endloop
  endfacet
  facet normal 1 -0 0
    outer loop
      vertex 35 -31.0192 11.8049
      vertex 35 -29 0
      vertex 35 -31.0048 11.902
    endloop
  endfacet
  facet normal 1 -0 0
    outer loop
      vertex 35 -31.0431 11.7097
      vertex 35 -29 0
      vertex 35 -31.0192 11.8049
    endloop
  endfacet
  facet normal 1 -0 0
    outer loop
      vertex 35 -31.0761 11.6173
      vertex 35 -29 0
      vertex 35 -31.0431 11.7097
    endloop
  endfacet
  facet normal 1 -0 0
    outer loop
      vertex 35 -31.1181 11.5286
      vertex 35 -29 0
      vertex 35 -31.0761 11.6173
    endloop
  endfacet
  facet normal 1 -0 0
    outer loop
      vertex 35 -31.1685 11.4444
      vertex 35 -29 0
      vertex 35 -31.1181 11.5286
    endloop
  endfacet
  facet normal 1 -0 0
    outer loop
      vertex 35 -31.227 11.3656
      vertex 35 -29 0
      vertex 35 -31.1685 11.4444
    endloop
  endfacet
  facet normal 1 -0 0
    outer loop
      vertex 35 -31.2929 11.2929
      vertex 35 -29 0
      vertex 35 -31.227 11.3656
    endloop
  endfacet
  facet normal 1 -0 0
    outer loop
      vertex 35 -31.3656 11.227
      vertex 35 -29 0
      vertex 35 -31.2929 11.2929
    endloop
  endfacet
  facet normal 1 -0 0
    outer loop
      vertex 35 -31.4444 11.1685
      vertex 35 -29 0
      vertex 35 -31.3656 11.227
    endloop
  endfacet
  facet normal 1 -0 0
    outer loop
      vertex 35 -31.5286 11.1181
      vertex 35 -29 0
      vertex 35 -31.4444 11.1685
    endloop
  endfacet
  facet normal 1 -0 0
    outer loop
      vertex 35 -31.6173 11.0761
      vertex 35 -29 0
      vertex 35 -31.5286 11.1181
    endloop
  endfacet
  facet normal 1 -0 0
    outer loop
      vertex 35 -31.7097 11.0431
      vertex 35 -29 0
      vertex 35 -31.6173 11.0761
    endloop
  endfacet
  facet normal 1 -0 0
    outer loop
      vertex 35 -31.8049 11.0192
      vertex 35 -29 0
      vertex 35 -31.7097 11.0431
    endloop
  endfacet
  facet normal 1 -0 0
    outer loop
      vertex 35 -31.902 11.0048
      vertex 35 -29 0
      vertex 35 -31.8049 11.0192
    endloop
  endfacet
  facet normal 1 -0 0
    outer loop
      vertex 35 -32 11
      vertex 35 -29 0
      vertex 35 -31.902 11.0048
    endloop
  endfacet
  facet normal 1 0 0
    outer loop
      vertex 35 -32.098 11.0048
      vertex 35 -29 0
      vertex 35 -32 11
    endloop
  endfacet
  facet normal 1 0 0
    outer loop
      vertex 35 -32.1951 11.0192
      vertex 35 -29 0
      vertex 35 -32.098 11.0048
    endloop
  endfacet
  facet normal 1 0 0
    outer loop
      vertex 35 -32.2903 11.0431
      vertex 35 -29 0
      vertex 35 -32.1951 11.0192
    endloop
  endfacet
  facet normal 1 0 0
    outer loop
      vertex 35 -32.3827 11.0761
      vertex 35 -29 0
      vertex 35 -32.2903 11.0431
    endloop
  endfacet
  facet normal 1 0 0
    outer loop
      vertex 35 -32.4714 11.1181
      vertex 35 -29 0
      vertex 35 -32.3827 11.0761
    endloop
  endfacet
  facet normal 1 0 0
    outer loop
      vertex 35 -32.5556 11.1685
      vertex 35 -29 0
      vertex 35 -32.4714 11.1181
    endloop
  endfacet
  facet normal 1 0 0
    outer loop
      vertex 35 -46 5.2
      vertex 35 -32.5556 11.1685
      vertex 35 -32.6344 11.227
    endloop
  endfacet
  facet normal 1 0 0
    outer loop
      vertex 35 -46 5.2
      vertex 35 -32.6344 11.227
      vertex 35 -32.7071 11.2929
    endloop
  endfacet
  facet normal 1 0 0
    outer loop
      vertex 35 -46 5.2
      vertex 35 -32.7071 11.2929
      vertex 35 -32.773 11.3656
    endloop
  endfacet
  facet normal 1 0 0
    outer loop
      vertex 35 -46 5.2
      vertex 35 -32.773 11.3656
      vertex 35 -32.8315 11.4444
    endloop
  endfacet
  facet normal 1 0 0
    outer loop
      vertex 35 -46 5.2
      vertex 35 -32.8315 11.4444
      vertex 35 -32.8819 11.5286
    endloop
  endfacet
  facet normal 1 0 0
    outer loop
      vertex 35 -46 11.5
      vertex 35 -32.8819 11.5286
      vertex 35 -32.9239 11.6173
    endloop
  endfacet
  facet normal 1 0 0
    outer loop
      vertex 35 -46 11.5
      vertex 35 -32.9239 11.6173
      vertex 35 -32.9569 11.7097
    endloop
  endfacet
  facet normal 1 0 0
    outer loop
      vertex 35 -32.9952 12.098
      vertex 35 -40 17.5
      vertex 35 -33 12
    endloop
  endfacet
  facet normal 1 0 0
    outer loop
      vertex 35 -33 12
      vertex 35 -40 17.5
      vertex 35 -32.9952 11.902
    endloop
  endfacet
  facet normal 1 0 0
    outer loop
      vertex 35 -46 11.5
      vertex 35 -32.9952 11.902
      vertex 35 -40 17.5
    endloop
  endfacet
  facet normal 1 0 0
    outer loop
      vertex 35 -32.9952 11.902
      vertex 35 -46 11.5
      vertex 35 -32.9808 11.8049
    endloop
  endfacet
  facet normal 1 0 0
    outer loop
      vertex 35 -32.9808 11.8049
      vertex 35 -46 11.5
      vertex 35 -32.9569 11.7097
    endloop
  endfacet
  facet normal 1 0 0
    outer loop
      vertex 35 -32.8819 11.5286
      vertex 35 -46 11.5
      vertex 35 -46 5.2
    endloop
  endfacet
  facet normal 1 0 0
    outer loop
      vertex 35 -32.5556 11.1685
      vertex 35 -46 5.2
      vertex 35 -29 0
    endloop
  endfacet
  facet normal 1 0 0
    outer loop
      vertex 35 -46 0
      vertex 35 -29 0
      vertex 35 -46 5.2
    endloop
  endfacet
  facet normal 1 -0 0
    outer loop
      vertex 35 -46 0
      vertex 35 -1 -6
      vertex 35 -29 0
    endloop
  endfacet
  facet normal 1 0 0
    outer loop
      vertex 35 -86 -6
      vertex 35 -46 0
      vertex 35 -81 0
    endloop
  endfacet
  facet normal 1 0 0
    outer loop
      vertex 35 -46 0
      vertex 35 -86 -6
      vertex 35 -1 -6
    endloop
  endfacet
  facet normal 1 0 0
    outer loop
      vertex 35 -81 5.2
      vertex 35 -86 -6
      vertex 35 -81 0
    endloop
  endfacet
  facet normal -0 0 1
    outer loop
      vertex 30.5 -11 0
      vertex 35 -29 0
      vertex 35 -11 0
    endloop
  endfacet
  facet normal 0 0 1
    outer loop
      vertex 35 -29 0
      vertex 30.5 -11 0
      vertex 30.5 -29 0
    endloop
  endfacet
  facet normal 0 1 -0
    outer loop
      vertex 35 -29 0
      vertex 30.5 -29 26
      vertex 35 -29 26
    endloop
  endfacet
  facet normal 0 1 0
    outer loop
      vertex 30.5 -29 26
      vertex 35 -29 0
      vertex 30.5 -29 0
    endloop
  endfacet
  facet normal -0 0 1
    outer loop
      vertex 30.5 -29 26
      vertex 35 -40 26
      vertex 35 -29 26
    endloop
  endfacet
  facet normal 0 0 1
    outer loop
      vertex 35 -40 26
      vertex 30.5 -29 26
      vertex 30.5 -40 26
    endloop
  endfacet
  facet normal 0 -1 0
    outer loop
      vertex 30.5 -40 17.5
      vertex 35 -40 26
      vertex 30.5 -40 26
    endloop
  endfacet
  facet normal 0 -1 -0
    outer loop
      vertex 35 -40 26
      vertex 30.5 -40 17.5
      vertex 35 -40 17.5
    endloop
  endfacet
  facet normal 0 -0.707107 0.707107
    outer loop
      vertex 30.5 -46 11.5
      vertex 35 -40 17.5
      vertex 30.5 -40 17.5
    endloop
  endfacet
  facet normal 0 -0.707107 0.707107
    outer loop
      vertex 35 -40 17.5
      vertex 30.5 -46 11.5
      vertex 35 -46 11.5
    endloop
  endfacet
  facet normal -0 0 1
    outer loop
      vertex 30.5 -46 11.5
      vertex 35 -60 11.5
      vertex 35 -46 11.5
    endloop
  endfacet
  facet normal 0 0 1
    outer loop
      vertex 35 -60 11.5
      vertex 30.5 -46 11.5
      vertex 30.5 -60 11.5
    endloop
  endfacet
  facet normal 0 0.707107 0.707107
    outer loop
      vertex 35 -60 11.5
      vertex 30.5 -73 24.5
      vertex 35 -73 24.5
    endloop
  endfacet
  facet normal 0 0.707107 0.707107
    outer loop
      vertex 30.5 -73 24.5
      vertex 35 -60 11.5
      vertex 30.5 -60 11.5
    endloop
  endfacet
  facet normal -0 0 1
    outer loop
      vertex 30.5 -73 24.5
      vertex 35 -77 24.5
      vertex 35 -73 24.5
    endloop
  endfacet
  facet normal 0 0 1
    outer loop
      vertex 35 -77 24.5
      vertex 30.5 -73 24.5
      vertex 30.5 -77 24.5
    endloop
  endfacet
  facet normal 0 1 -0
    outer loop
      vertex 35 -77 24.5
      vertex 30.5 -77 41.5
      vertex 35 -77 41.5
    endloop
  endfacet
  facet normal 0 1 0
    outer loop
      vertex 30.5 -77 41.5
      vertex 35 -77 24.5
      vertex 30.5 -77 24.5
    endloop
  endfacet
  facet normal 0 -0.998803 0.0489209
    outer loop
      vertex 30.5 -74.5072 12.853
      vertex 35 -74.5 13
      vertex 30.5 -74.5 13
    endloop
  endfacet
  facet normal 0 -0.998803 0.0489209
    outer loop
      vertex 35 -74.5 13
      vertex 30.5 -74.5072 12.853
      vertex 35 -74.5072 12.853
    endloop
  endfacet
  facet normal 0 -0.243175 0.969982
    outer loop
      vertex 30.5 -75.5646 11.5646
      vertex 35 -75.7074 11.5288
      vertex 35 -75.5646 11.5646
    endloop
  endfacet
  facet normal 0 -0.243175 0.969982
    outer loop
      vertex 35 -75.7074 11.5288
      vertex 30.5 -75.5646 11.5646
      vertex 30.5 -75.7074 11.5288
    endloop
  endfacet
  facet normal 0 -0.74123 -0.671251
    outer loop
      vertex 30.5 -74.8405 13.9516
      vertex 35 -74.9393 14.0607
      vertex 30.5 -74.9393 14.0607
    endloop
  endfacet
  facet normal 0 -0.74123 -0.671251
    outer loop
      vertex 35 -74.9393 14.0607
      vertex 30.5 -74.8405 13.9516
      vertex 35 -74.8405 13.9516
    endloop
  endfacet
  facet normal 0 0.904125 -0.427269
    outer loop
      vertex 35 -77.3858 13.574
      vertex 30.5 -77.3229 13.7071
      vertex 35 -77.3229 13.7071
    endloop
  endfacet
  facet normal 0 0.904125 -0.427269
    outer loop
      vertex 30.5 -77.3229 13.7071
      vertex 35 -77.3858 13.574
      vertex 30.5 -77.3858 13.574
    endloop
  endfacet
  facet normal 0 -0.0489209 0.998803
    outer loop
      vertex 30.5 -75.853 11.5072
      vertex 35 -76 11.5
      vertex 35 -75.853 11.5072
    endloop
  endfacet
  facet normal 0 -0.0489209 0.998803
    outer loop
      vertex 35 -76 11.5
      vertex 30.5 -75.853 11.5072
      vertex 30.5 -76 11.5
    endloop
  endfacet
  facet normal 0 -0.336939 -0.941527
    outer loop
      vertex 30.5 -75.5646 14.4354
      vertex 35 -75.426 14.3858
      vertex 35 -75.5646 14.4354
    endloop
  endfacet
  facet normal -0 -0.336939 -0.941527
    outer loop
      vertex 35 -75.426 14.3858
      vertex 30.5 -75.5646 14.4354
      vertex 30.5 -75.426 14.3858
    endloop
  endfacet
  facet normal 0 0.243175 -0.969982
    outer loop
      vertex 30.5 -76.4354 14.4354
      vertex 35 -76.2926 14.4712
      vertex 35 -76.4354 14.4354
    endloop
  endfacet
  facet normal 0 0.243175 -0.969982
    outer loop
      vertex 35 -76.2926 14.4712
      vertex 30.5 -76.4354 14.4354
      vertex 30.5 -76.2926 14.4712
    endloop
  endfacet
  facet normal 0 0.941527 0.336939
    outer loop
      vertex 35 -77.3858 12.426
      vertex 30.5 -77.4354 12.5646
      vertex 35 -77.4354 12.5646
    endloop
  endfacet
  facet normal 0 0.941527 0.336939
    outer loop
      vertex 30.5 -77.4354 12.5646
      vertex 35 -77.3858 12.426
      vertex 30.5 -77.3858 12.426
    endloop
  endfacet
  facet normal 0 0.857733 0.514096
    outer loop
      vertex 35 -77.2472 12.1666
      vertex 30.5 -77.3229 12.2929
      vertex 35 -77.3229 12.2929
    endloop
  endfacet
  facet normal 0 0.857733 0.514096
    outer loop
      vertex 30.5 -77.3229 12.2929
      vertex 35 -77.2472 12.1666
      vertex 30.5 -77.2472 12.1666
    endloop
  endfacet
  facet normal 0 -0.941527 -0.336939
    outer loop
      vertex 30.5 -74.5646 13.4354
      vertex 35 -74.6142 13.574
      vertex 30.5 -74.6142 13.574
    endloop
  endfacet
  facet normal 0 -0.941527 -0.336939
    outer loop
      vertex 35 -74.6142 13.574
      vertex 30.5 -74.5646 13.4354
      vertex 35 -74.5646 13.4354
    endloop
  endfacet
  facet normal 0 0.146746 -0.989174
    outer loop
      vertex 30.5 -76.2926 14.4712
      vertex 35 -76.147 14.4928
      vertex 35 -76.2926 14.4712
    endloop
  endfacet
  facet normal 0 0.146746 -0.989174
    outer loop
      vertex 35 -76.147 14.4928
      vertex 30.5 -76.2926 14.4712
      vertex 30.5 -76.147 14.4928
    endloop
  endfacet
  facet normal 0 0.427269 -0.904125
    outer loop
      vertex 30.5 -76.7071 14.3229
      vertex 35 -76.574 14.3858
      vertex 35 -76.7071 14.3229
    endloop
  endfacet
  facet normal 0 0.427269 -0.904125
    outer loop
      vertex 35 -76.574 14.3858
      vertex 30.5 -76.7071 14.3229
      vertex 30.5 -76.574 14.3858
    endloop
  endfacet
  facet normal 0 -0.427269 0.904125
    outer loop
      vertex 30.5 -75.2929 11.6771
      vertex 35 -75.426 11.6142
      vertex 35 -75.2929 11.6771
    endloop
  endfacet
  facet normal 0 -0.427269 0.904125
    outer loop
      vertex 35 -75.426 11.6142
      vertex 30.5 -75.2929 11.6771
      vertex 30.5 -75.426 11.6142
    endloop
  endfacet
  facet normal 0 -0.803088 -0.595861
    outer loop
      vertex 30.5 -74.7528 13.8334
      vertex 35 -74.8405 13.9516
      vertex 30.5 -74.8405 13.9516
    endloop
  endfacet
  facet normal 0 -0.803088 -0.595861
    outer loop
      vertex 35 -74.8405 13.9516
      vertex 30.5 -74.7528 13.8334
      vertex 35 -74.7528 13.8334
    endloop
  endfacet
  facet normal 0 0.969982 0.243175
    outer loop
      vertex 35 -77.4354 12.5646
      vertex 30.5 -77.4712 12.7074
      vertex 35 -77.4712 12.7074
    endloop
  endfacet
  facet normal 0 0.969982 0.243175
    outer loop
      vertex 30.5 -77.4712 12.7074
      vertex 35 -77.4354 12.5646
      vertex 30.5 -77.4354 12.5646
    endloop
  endfacet
  facet normal 0 0.989174 0.146746
    outer loop
      vertex 35 -77.4712 12.7074
      vertex 30.5 -77.4928 12.853
      vertex 35 -77.4928 12.853
    endloop
  endfacet
  facet normal 0 0.989174 0.146746
    outer loop
      vertex 30.5 -77.4928 12.853
      vertex 35 -77.4712 12.7074
      vertex 30.5 -77.4712 12.7074
    endloop
  endfacet
  facet normal 0 -0.969982 0.243175
    outer loop
      vertex 30.5 -74.5646 12.5646
      vertex 35 -74.5288 12.7074
      vertex 30.5 -74.5288 12.7074
    endloop
  endfacet
  facet normal 0 -0.969982 0.243175
    outer loop
      vertex 35 -74.5288 12.7074
      vertex 30.5 -74.5646 12.5646
      vertex 35 -74.5646 12.5646
    endloop
  endfacet
  facet normal 0 0.969982 -0.243175
    outer loop
      vertex 35 -77.4712 13.2926
      vertex 30.5 -77.4354 13.4354
      vertex 35 -77.4354 13.4354
    endloop
  endfacet
  facet normal 0 0.969982 -0.243175
    outer loop
      vertex 30.5 -77.4354 13.4354
      vertex 35 -77.4712 13.2926
      vertex 30.5 -77.4712 13.2926
    endloop
  endfacet
  facet normal 0 0.671251 -0.74123
    outer loop
      vertex 30.5 -77.0607 14.0607
      vertex 35 -76.9516 14.1595
      vertex 35 -77.0607 14.0607
    endloop
  endfacet
  facet normal 0 0.671251 -0.74123
    outer loop
      vertex 35 -76.9516 14.1595
      vertex 30.5 -77.0607 14.0607
      vertex 30.5 -76.9516 14.1595
    endloop
  endfacet
  facet normal 0 -0.998803 -0.0489209
    outer loop
      vertex 30.5 -74.5 13
      vertex 35 -74.5072 13.147
      vertex 30.5 -74.5072 13.147
    endloop
  endfacet
  facet normal 0 -0.998803 -0.0489209
    outer loop
      vertex 35 -74.5072 13.147
      vertex 30.5 -74.5 13
      vertex 35 -74.5 13
    endloop
  endfacet
  facet normal -0 0.595861 0.803088
    outer loop
      vertex 30.5 -76.8334 11.7528
      vertex 35 -76.9516 11.8405
      vertex 35 -76.8334 11.7528
    endloop
  endfacet
  facet normal 0 0.595861 0.803088
    outer loop
      vertex 35 -76.9516 11.8405
      vertex 30.5 -76.8334 11.7528
      vertex 30.5 -76.9516 11.8405
    endloop
  endfacet
  facet normal 0 0.904125 0.427269
    outer loop
      vertex 35 -77.3229 12.2929
      vertex 30.5 -77.3858 12.426
      vertex 35 -77.3858 12.426
    endloop
  endfacet
  facet normal 0 0.904125 0.427269
    outer loop
      vertex 30.5 -77.3858 12.426
      vertex 35 -77.3229 12.2929
      vertex 30.5 -77.3229 12.2929
    endloop
  endfacet
  facet normal 0 0.336939 -0.941527
    outer loop
      vertex 30.5 -76.574 14.3858
      vertex 35 -76.4354 14.4354
      vertex 35 -76.574 14.3858
    endloop
  endfacet
  facet normal 0 0.336939 -0.941527
    outer loop
      vertex 35 -76.4354 14.4354
      vertex 30.5 -76.574 14.3858
      vertex 30.5 -76.4354 14.4354
    endloop
  endfacet
  facet normal 0 -0.146746 -0.989174
    outer loop
      vertex 30.5 -75.853 14.4928
      vertex 35 -75.7074 14.4712
      vertex 35 -75.853 14.4928
    endloop
  endfacet
  facet normal -0 -0.146746 -0.989174
    outer loop
      vertex 35 -75.7074 14.4712
      vertex 30.5 -75.853 14.4928
      vertex 30.5 -75.7074 14.4712
    endloop
  endfacet
  facet normal 0 -0.857733 -0.514096
    outer loop
      vertex 30.5 -74.6771 13.7071
      vertex 35 -74.7528 13.8334
      vertex 30.5 -74.7528 13.8334
    endloop
  endfacet
  facet normal 0 -0.857733 -0.514096
    outer loop
      vertex 35 -74.7528 13.8334
      vertex 30.5 -74.6771 13.7071
      vertex 35 -74.6771 13.7071
    endloop
  endfacet
  facet normal -0 0.146746 0.989174
    outer loop
      vertex 30.5 -76.147 11.5072
      vertex 35 -76.2926 11.5288
      vertex 35 -76.147 11.5072
    endloop
  endfacet
  facet normal 0 0.146746 0.989174
    outer loop
      vertex 35 -76.2926 11.5288
      vertex 30.5 -76.147 11.5072
      vertex 30.5 -76.2926 11.5288
    endloop
  endfacet
  facet normal 0 0.803088 0.595861
    outer loop
      vertex 35 -77.1595 12.0484
      vertex 30.5 -77.2472 12.1666
      vertex 35 -77.2472 12.1666
    endloop
  endfacet
  facet normal 0 0.803088 0.595861
    outer loop
      vertex 30.5 -77.2472 12.1666
      vertex 35 -77.1595 12.0484
      vertex 30.5 -77.1595 12.0484
    endloop
  endfacet
  facet normal 0 -0.989174 -0.146746
    outer loop
      vertex 30.5 -74.5072 13.147
      vertex 35 -74.5288 13.2926
      vertex 30.5 -74.5288 13.2926
    endloop
  endfacet
  facet normal 0 -0.989174 -0.146746
    outer loop
      vertex 35 -74.5288 13.2926
      vertex 30.5 -74.5072 13.147
      vertex 35 -74.5072 13.147
    endloop
  endfacet
  facet normal 0 -0.904125 0.427269
    outer loop
      vertex 30.5 -74.6771 12.2929
      vertex 35 -74.6142 12.426
      vertex 30.5 -74.6142 12.426
    endloop
  endfacet
  facet normal 0 -0.904125 0.427269
    outer loop
      vertex 35 -74.6142 12.426
      vertex 30.5 -74.6771 12.2929
      vertex 35 -74.6771 12.2929
    endloop
  endfacet
  facet normal -0 0.243175 0.969982
    outer loop
      vertex 30.5 -76.2926 11.5288
      vertex 35 -76.4354 11.5646
      vertex 35 -76.2926 11.5288
    endloop
  endfacet
  facet normal 0 0.243175 0.969982
    outer loop
      vertex 35 -76.4354 11.5646
      vertex 30.5 -76.2926 11.5288
      vertex 30.5 -76.4354 11.5646
    endloop
  endfacet
  facet normal 0 0.998803 -0.0489209
    outer loop
      vertex 35 -77.5 13
      vertex 30.5 -77.4928 13.147
      vertex 35 -77.4928 13.147
    endloop
  endfacet
  facet normal 0 0.998803 -0.0489209
    outer loop
      vertex 30.5 -77.4928 13.147
      vertex 35 -77.5 13
      vertex 30.5 -77.5 13
    endloop
  endfacet
  facet normal 0 -0.857733 0.514096
    outer loop
      vertex 30.5 -74.7528 12.1666
      vertex 35 -74.6771 12.2929
      vertex 30.5 -74.6771 12.2929
    endloop
  endfacet
  facet normal 0 -0.857733 0.514096
    outer loop
      vertex 35 -74.6771 12.2929
      vertex 30.5 -74.7528 12.1666
      vertex 35 -74.7528 12.1666
    endloop
  endfacet
  facet normal 0 -0.595861 0.803088
    outer loop
      vertex 30.5 -75.0484 11.8405
      vertex 35 -75.1666 11.7528
      vertex 35 -75.0484 11.8405
    endloop
  endfacet
  facet normal 0 -0.595861 0.803088
    outer loop
      vertex 35 -75.1666 11.7528
      vertex 30.5 -75.0484 11.8405
      vertex 30.5 -75.1666 11.7528
    endloop
  endfacet
  facet normal 0 -0.904125 -0.427269
    outer loop
      vertex 30.5 -74.6142 13.574
      vertex 35 -74.6771 13.7071
      vertex 30.5 -74.6771 13.7071
    endloop
  endfacet
  facet normal 0 -0.904125 -0.427269
    outer loop
      vertex 35 -74.6771 13.7071
      vertex 30.5 -74.6142 13.574
      vertex 35 -74.6142 13.574
    endloop
  endfacet
  facet normal 0 -0.989174 0.146746
    outer loop
      vertex 30.5 -74.5288 12.7074
      vertex 35 -74.5072 12.853
      vertex 30.5 -74.5072 12.853
    endloop
  endfacet
  facet normal 0 -0.989174 0.146746
    outer loop
      vertex 35 -74.5072 12.853
      vertex 30.5 -74.5288 12.7074
      vertex 35 -74.5288 12.7074
    endloop
  endfacet
  facet normal 0 -0.969982 -0.243175
    outer loop
      vertex 30.5 -74.5288 13.2926
      vertex 35 -74.5646 13.4354
      vertex 30.5 -74.5646 13.4354
    endloop
  endfacet
  facet normal 0 -0.969982 -0.243175
    outer loop
      vertex 35 -74.5646 13.4354
      vertex 30.5 -74.5288 13.2926
      vertex 35 -74.5288 13.2926
    endloop
  endfacet
  facet normal 0 0.0489209 -0.998803
    outer loop
      vertex 30.5 -76.147 14.4928
      vertex 35 -76 14.5
      vertex 35 -76.147 14.4928
    endloop
  endfacet
  facet normal 0 0.0489209 -0.998803
    outer loop
      vertex 35 -76 14.5
      vertex 30.5 -76.147 14.4928
      vertex 30.5 -76 14.5
    endloop
  endfacet
  facet normal 0 -0.941527 0.336939
    outer loop
      vertex 30.5 -74.6142 12.426
      vertex 35 -74.5646 12.5646
      vertex 30.5 -74.5646 12.5646
    endloop
  endfacet
  facet normal 0 -0.941527 0.336939
    outer loop
      vertex 35 -74.5646 12.5646
      vertex 30.5 -74.6142 12.426
      vertex 35 -74.6142 12.426
    endloop
  endfacet
  facet normal 0 -0.146746 0.989174
    outer loop
      vertex 30.5 -75.7074 11.5288
      vertex 35 -75.853 11.5072
      vertex 35 -75.7074 11.5288
    endloop
  endfacet
  facet normal 0 -0.146746 0.989174
    outer loop
      vertex 35 -75.853 11.5072
      vertex 30.5 -75.7074 11.5288
      vertex 30.5 -75.853 11.5072
    endloop
  endfacet
  facet normal 0 0.74123 -0.671251
    outer loop
      vertex 35 -77.1595 13.9516
      vertex 30.5 -77.0607 14.0607
      vertex 35 -77.0607 14.0607
    endloop
  endfacet
  facet normal 0 0.74123 -0.671251
    outer loop
      vertex 30.5 -77.0607 14.0607
      vertex 35 -77.1595 13.9516
      vertex 30.5 -77.1595 13.9516
    endloop
  endfacet
  facet normal -0 0.0489209 0.998803
    outer loop
      vertex 30.5 -76 11.5
      vertex 35 -76.147 11.5072
      vertex 35 -76 11.5
    endloop
  endfacet
  facet normal 0 0.0489209 0.998803
    outer loop
      vertex 35 -76.147 11.5072
      vertex 30.5 -76 11.5
      vertex 30.5 -76.147 11.5072
    endloop
  endfacet
  facet normal -0 0.427269 0.904125
    outer loop
      vertex 30.5 -76.574 11.6142
      vertex 35 -76.7071 11.6771
      vertex 35 -76.574 11.6142
    endloop
  endfacet
  facet normal 0 0.427269 0.904125
    outer loop
      vertex 35 -76.7071 11.6771
      vertex 30.5 -76.574 11.6142
      vertex 30.5 -76.7071 11.6771
    endloop
  endfacet
  facet normal 0 0.514096 -0.857733
    outer loop
      vertex 30.5 -76.8334 14.2472
      vertex 35 -76.7071 14.3229
      vertex 35 -76.8334 14.2472
    endloop
  endfacet
  facet normal 0 0.514096 -0.857733
    outer loop
      vertex 35 -76.7071 14.3229
      vertex 30.5 -76.8334 14.2472
      vertex 30.5 -76.7071 14.3229
    endloop
  endfacet
  facet normal 0 -0.671251 -0.74123
    outer loop
      vertex 30.5 -75.0484 14.1595
      vertex 35 -74.9393 14.0607
      vertex 35 -75.0484 14.1595
    endloop
  endfacet
  facet normal -0 -0.671251 -0.74123
    outer loop
      vertex 35 -74.9393 14.0607
      vertex 30.5 -75.0484 14.1595
      vertex 30.5 -74.9393 14.0607
    endloop
  endfacet
  facet normal 0 -0.803088 0.595861
    outer loop
      vertex 30.5 -74.8405 12.0484
      vertex 35 -74.7528 12.1666
      vertex 30.5 -74.7528 12.1666
    endloop
  endfacet
  facet normal 0 -0.803088 0.595861
    outer loop
      vertex 35 -74.7528 12.1666
      vertex 30.5 -74.8405 12.0484
      vertex 35 -74.8405 12.0484
    endloop
  endfacet
  facet normal 0 0.998803 0.0489209
    outer loop
      vertex 35 -77.4928 12.853
      vertex 30.5 -77.5 13
      vertex 35 -77.5 13
    endloop
  endfacet
  facet normal 0 0.998803 0.0489209
    outer loop
      vertex 30.5 -77.5 13
      vertex 35 -77.4928 12.853
      vertex 30.5 -77.4928 12.853
    endloop
  endfacet
  facet normal 0 -0.336939 0.941527
    outer loop
      vertex 30.5 -75.426 11.6142
      vertex 35 -75.5646 11.5646
      vertex 35 -75.426 11.6142
    endloop
  endfacet
  facet normal 0 -0.336939 0.941527
    outer loop
      vertex 35 -75.5646 11.5646
      vertex 30.5 -75.426 11.6142
      vertex 30.5 -75.5646 11.5646
    endloop
  endfacet
  facet normal -0 0.514096 0.857733
    outer loop
      vertex 30.5 -76.7071 11.6771
      vertex 35 -76.8334 11.7528
      vertex 35 -76.7071 11.6771
    endloop
  endfacet
  facet normal 0 0.514096 0.857733
    outer loop
      vertex 35 -76.8334 11.7528
      vertex 30.5 -76.7071 11.6771
      vertex 30.5 -76.8334 11.7528
    endloop
  endfacet
  facet normal 0 -0.0489209 -0.998803
    outer loop
      vertex 30.5 -76 14.5
      vertex 35 -75.853 14.4928
      vertex 35 -76 14.5
    endloop
  endfacet
  facet normal -0 -0.0489209 -0.998803
    outer loop
      vertex 35 -75.853 14.4928
      vertex 30.5 -76 14.5
      vertex 30.5 -75.853 14.4928
    endloop
  endfacet
  facet normal 0 -0.243175 -0.969982
    outer loop
      vertex 30.5 -75.7074 14.4712
      vertex 35 -75.5646 14.4354
      vertex 35 -75.7074 14.4712
    endloop
  endfacet
  facet normal -0 -0.243175 -0.969982
    outer loop
      vertex 35 -75.5646 14.4354
      vertex 30.5 -75.7074 14.4712
      vertex 30.5 -75.5646 14.4354
    endloop
  endfacet
  facet normal 0 -0.514096 0.857733
    outer loop
      vertex 30.5 -75.1666 11.7528
      vertex 35 -75.2929 11.6771
      vertex 35 -75.1666 11.7528
    endloop
  endfacet
  facet normal 0 -0.514096 0.857733
    outer loop
      vertex 35 -75.2929 11.6771
      vertex 30.5 -75.1666 11.7528
      vertex 30.5 -75.2929 11.6771
    endloop
  endfacet
  facet normal 0 0.803088 -0.595861
    outer loop
      vertex 35 -77.2472 13.8334
      vertex 30.5 -77.1595 13.9516
      vertex 35 -77.1595 13.9516
    endloop
  endfacet
  facet normal 0 0.803088 -0.595861
    outer loop
      vertex 30.5 -77.1595 13.9516
      vertex 35 -77.2472 13.8334
      vertex 30.5 -77.2472 13.8334
    endloop
  endfacet
  facet normal 0 0.857733 -0.514096
    outer loop
      vertex 35 -77.3229 13.7071
      vertex 30.5 -77.2472 13.8334
      vertex 35 -77.2472 13.8334
    endloop
  endfacet
  facet normal 0 0.857733 -0.514096
    outer loop
      vertex 30.5 -77.2472 13.8334
      vertex 35 -77.3229 13.7071
      vertex 30.5 -77.3229 13.7071
    endloop
  endfacet
  facet normal 0 -0.671251 0.74123
    outer loop
      vertex 30.5 -74.9393 11.9393
      vertex 35 -75.0484 11.8405
      vertex 35 -74.9393 11.9393
    endloop
  endfacet
  facet normal 0 -0.671251 0.74123
    outer loop
      vertex 35 -75.0484 11.8405
      vertex 30.5 -74.9393 11.9393
      vertex 30.5 -75.0484 11.8405
    endloop
  endfacet
  facet normal 0 -0.74123 0.671251
    outer loop
      vertex 30.5 -74.9393 11.9393
      vertex 35 -74.8405 12.0484
      vertex 30.5 -74.8405 12.0484
    endloop
  endfacet
  facet normal 0 -0.74123 0.671251
    outer loop
      vertex 35 -74.8405 12.0484
      vertex 30.5 -74.9393 11.9393
      vertex 35 -74.9393 11.9393
    endloop
  endfacet
  facet normal 0 0.595861 -0.803088
    outer loop
      vertex 30.5 -76.9516 14.1595
      vertex 35 -76.8334 14.2472
      vertex 35 -76.9516 14.1595
    endloop
  endfacet
  facet normal 0 0.595861 -0.803088
    outer loop
      vertex 35 -76.8334 14.2472
      vertex 30.5 -76.9516 14.1595
      vertex 30.5 -76.8334 14.2472
    endloop
  endfacet
  facet normal 0 -0.427269 -0.904125
    outer loop
      vertex 30.5 -75.426 14.3858
      vertex 35 -75.2929 14.3229
      vertex 35 -75.426 14.3858
    endloop
  endfacet
  facet normal -0 -0.427269 -0.904125
    outer loop
      vertex 35 -75.2929 14.3229
      vertex 30.5 -75.426 14.3858
      vertex 30.5 -75.2929 14.3229
    endloop
  endfacet
  facet normal 0 -0.595861 -0.803088
    outer loop
      vertex 30.5 -75.1666 14.2472
      vertex 35 -75.0484 14.1595
      vertex 35 -75.1666 14.2472
    endloop
  endfacet
  facet normal -0 -0.595861 -0.803088
    outer loop
      vertex 35 -75.0484 14.1595
      vertex 30.5 -75.1666 14.2472
      vertex 30.5 -75.0484 14.1595
    endloop
  endfacet
  facet normal -0 0.336939 0.941527
    outer loop
      vertex 30.5 -76.4354 11.5646
      vertex 35 -76.574 11.6142
      vertex 35 -76.4354 11.5646
    endloop
  endfacet
  facet normal 0 0.336939 0.941527
    outer loop
      vertex 35 -76.574 11.6142
      vertex 30.5 -76.4354 11.5646
      vertex 30.5 -76.574 11.6142
    endloop
  endfacet
  facet normal 0 -0.514096 -0.857733
    outer loop
      vertex 30.5 -75.2929 14.3229
      vertex 35 -75.1666 14.2472
      vertex 35 -75.2929 14.3229
    endloop
  endfacet
  facet normal -0 -0.514096 -0.857733
    outer loop
      vertex 35 -75.1666 14.2472
      vertex 30.5 -75.2929 14.3229
      vertex 30.5 -75.1666 14.2472
    endloop
  endfacet
  facet normal 0 0.989174 -0.146746
    outer loop
      vertex 35 -77.4928 13.147
      vertex 30.5 -77.4712 13.2926
      vertex 35 -77.4712 13.2926
    endloop
  endfacet
  facet normal 0 0.989174 -0.146746
    outer loop
      vertex 30.5 -77.4712 13.2926
      vertex 35 -77.4928 13.147
      vertex 30.5 -77.4928 13.147
    endloop
  endfacet
  facet normal 0 0.941527 -0.336939
    outer loop
      vertex 35 -77.4354 13.4354
      vertex 30.5 -77.3858 13.574
      vertex 35 -77.3858 13.574
    endloop
  endfacet
  facet normal 0 0.941527 -0.336939
    outer loop
      vertex 30.5 -77.3858 13.574
      vertex 35 -77.4354 13.4354
      vertex 30.5 -77.4354 13.4354
    endloop
  endfacet
  facet normal -0 0.671251 0.74123
    outer loop
      vertex 30.5 -76.9516 11.8405
      vertex 35 -77.0607 11.9393
      vertex 35 -76.9516 11.8405
    endloop
  endfacet
  facet normal 0 0.671251 0.74123
    outer loop
      vertex 35 -77.0607 11.9393
      vertex 30.5 -76.9516 11.8405
      vertex 30.5 -77.0607 11.9393
    endloop
  endfacet
  facet normal 0 0.74123 0.671251
    outer loop
      vertex 35 -77.0607 11.9393
      vertex 30.5 -77.1595 12.0484
      vertex 35 -77.1595 12.0484
    endloop
  endfacet
  facet normal 0 0.74123 0.671251
    outer loop
      vertex 30.5 -77.1595 12.0484
      vertex 35 -77.0607 11.9393
      vertex 30.5 -77.0607 11.9393
    endloop
  endfacet
  facet normal 0 0.0489209 -0.998803
    outer loop
      vertex 30.5 -79.098 31.9952
      vertex 35 -79 32
      vertex 35 -79.098 31.9952
    endloop
  endfacet
  facet normal 0 0.0489209 -0.998803
    outer loop
      vertex 35 -79 32
      vertex 30.5 -79.098 31.9952
      vertex 30.5 -79 32
    endloop
  endfacet
  facet normal 0 -0.513596 -0.858032
    outer loop
      vertex 30.5 -78.5286 31.8819
      vertex 35 -78.4444 31.8315
      vertex 35 -78.5286 31.8819
    endloop
  endfacet
  facet normal -0 -0.513596 -0.858032
    outer loop
      vertex 35 -78.4444 31.8315
      vertex 30.5 -78.5286 31.8819
      vertex 30.5 -78.4444 31.8315
    endloop
  endfacet
  facet normal 0 -0.146696 0.989182
    outer loop
      vertex 30.5 -78.8049 30.0192
      vertex 35 -78.902 30.0048
      vertex 35 -78.8049 30.0192
    endloop
  endfacet
  facet normal 0 -0.146696 0.989182
    outer loop
      vertex 35 -78.902 30.0048
      vertex 30.5 -78.8049 30.0192
      vertex 30.5 -78.902 30.0048
    endloop
  endfacet
  facet normal 0 -0.243494 0.969902
    outer loop
      vertex 30.5 -78.7097 30.0431
      vertex 35 -78.8049 30.0192
      vertex 35 -78.7097 30.0431
    endloop
  endfacet
  facet normal 0 -0.243494 0.969902
    outer loop
      vertex 35 -78.8049 30.0192
      vertex 30.5 -78.7097 30.0431
      vertex 30.5 -78.8049 30.0192
    endloop
  endfacet
  facet normal 0 0.336336 -0.941742
    outer loop
      vertex 30.5 -79.3827 31.9239
      vertex 35 -79.2903 31.9569
      vertex 35 -79.3827 31.9239
    endloop
  endfacet
  facet normal 0 0.336336 -0.941742
    outer loop
      vertex 35 -79.2903 31.9569
      vertex 30.5 -79.3827 31.9239
      vertex 30.5 -79.2903 31.9569
    endloop
  endfacet
  facet normal 0 0.989182 -0.146696
    outer loop
      vertex 35 -79.9952 31.098
      vertex 30.5 -79.9808 31.1951
      vertex 35 -79.9808 31.1951
    endloop
  endfacet
  facet normal 0 0.989182 -0.146696
    outer loop
      vertex 30.5 -79.9808 31.1951
      vertex 35 -79.9952 31.098
      vertex 30.5 -79.9952 31.098
    endloop
  endfacet
  facet normal 0 -0.59608 0.802925
    outer loop
      vertex 30.5 -78.3656 30.227
      vertex 35 -78.4444 30.1685
      vertex 35 -78.3656 30.227
    endloop
  endfacet
  facet normal 0 -0.59608 0.802925
    outer loop
      vertex 35 -78.4444 30.1685
      vertex 30.5 -78.3656 30.227
      vertex 30.5 -78.4444 30.1685
    endloop
  endfacet
  facet normal 0 -0.0489209 0.998803
    outer loop
      vertex 30.5 -78.902 30.0048
      vertex 35 -79 30
      vertex 35 -78.902 30.0048
    endloop
  endfacet
  facet normal 0 -0.0489209 0.998803
    outer loop
      vertex 35 -79 30
      vertex 30.5 -78.902 30.0048
      vertex 30.5 -79 30
    endloop
  endfacet
  facet normal -0 0.336336 0.941742
    outer loop
      vertex 30.5 -79.2903 30.0431
      vertex 35 -79.3827 30.0761
      vertex 35 -79.2903 30.0431
    endloop
  endfacet
  facet normal 0 0.336336 0.941742
    outer loop
      vertex 35 -79.3827 30.0761
      vertex 30.5 -79.2903 30.0431
      vertex 30.5 -79.3827 30.0761
    endloop
  endfacet
  facet normal 0 0.9038 0.427955
    outer loop
      vertex 35 -79.8819 30.5286
      vertex 30.5 -79.9239 30.6173
      vertex 35 -79.9239 30.6173
    endloop
  endfacet
  facet normal 0 0.9038 0.427955
    outer loop
      vertex 30.5 -79.9239 30.6173
      vertex 35 -79.8819 30.5286
      vertex 30.5 -79.8819 30.5286
    endloop
  endfacet
  facet normal 0 -0.802925 -0.59608
    outer loop
      vertex 30.5 -78.1685 31.5556
      vertex 35 -78.227 31.6344
      vertex 30.5 -78.227 31.6344
    endloop
  endfacet
  facet normal 0 -0.802925 -0.59608
    outer loop
      vertex 35 -78.227 31.6344
      vertex 30.5 -78.1685 31.5556
      vertex 35 -78.1685 31.5556
    endloop
  endfacet
  facet normal 0 0.989182 0.146696
    outer loop
      vertex 35 -79.9808 30.8049
      vertex 30.5 -79.9952 30.902
      vertex 35 -79.9952 30.902
    endloop
  endfacet
  facet normal 0 0.989182 0.146696
    outer loop
      vertex 30.5 -79.9952 30.902
      vertex 35 -79.9808 30.8049
      vertex 30.5 -79.9808 30.8049
    endloop
  endfacet
  facet normal 0 0.858032 -0.513596
    outer loop
      vertex 35 -79.8819 31.4714
      vertex 30.5 -79.8315 31.5556
      vertex 35 -79.8315 31.5556
    endloop
  endfacet
  facet normal 0 0.858032 -0.513596
    outer loop
      vertex 30.5 -79.8315 31.5556
      vertex 35 -79.8819 31.4714
      vertex 30.5 -79.8819 31.4714
    endloop
  endfacet
  facet normal 0 -0.243494 -0.969902
    outer loop
      vertex 30.5 -78.8049 31.9808
      vertex 35 -78.7097 31.9569
      vertex 35 -78.8049 31.9808
    endloop
  endfacet
  facet normal -0 -0.243494 -0.969902
    outer loop
      vertex 35 -78.7097 31.9569
      vertex 30.5 -78.8049 31.9808
      vertex 30.5 -78.7097 31.9569
    endloop
  endfacet
  facet normal 0 0.858032 0.513596
    outer loop
      vertex 35 -79.8315 30.4444
      vertex 30.5 -79.8819 30.5286
      vertex 35 -79.8819 30.5286
    endloop
  endfacet
  facet normal 0 0.858032 0.513596
    outer loop
      vertex 30.5 -79.8819 30.5286
      vertex 35 -79.8315 30.4444
      vertex 30.5 -79.8315 30.4444
    endloop
  endfacet
  facet normal 0 0.998803 -0.0489209
    outer loop
      vertex 35 -80 31
      vertex 30.5 -79.9952 31.098
      vertex 35 -79.9952 31.098
    endloop
  endfacet
  facet normal 0 0.998803 -0.0489209
    outer loop
      vertex 30.5 -79.9952 31.098
      vertex 35 -80 31
      vertex 30.5 -80 31
    endloop
  endfacet
  facet normal 0 -0.989182 -0.146696
    outer loop
      vertex 30.5 -78.0048 31.098
      vertex 35 -78.0192 31.1951
      vertex 30.5 -78.0192 31.1951
    endloop
  endfacet
  facet normal 0 -0.989182 -0.146696
    outer loop
      vertex 35 -78.0192 31.1951
      vertex 30.5 -78.0048 31.098
      vertex 35 -78.0048 31.098
    endloop
  endfacet
  facet normal -0 0.671607 0.740908
    outer loop
      vertex 30.5 -79.6344 30.227
      vertex 35 -79.7071 30.2929
      vertex 35 -79.6344 30.227
    endloop
  endfacet
  facet normal 0 0.671607 0.740908
    outer loop
      vertex 35 -79.7071 30.2929
      vertex 30.5 -79.6344 30.227
      vertex 30.5 -79.7071 30.2929
    endloop
  endfacet
  facet normal 0 -0.941742 0.336336
    outer loop
      vertex 30.5 -78.0761 30.6173
      vertex 35 -78.0431 30.7097
      vertex 30.5 -78.0431 30.7097
    endloop
  endfacet
  facet normal 0 -0.941742 0.336336
    outer loop
      vertex 35 -78.0431 30.7097
      vertex 30.5 -78.0761 30.6173
      vertex 35 -78.0761 30.6173
    endloop
  endfacet
  facet normal 0 -0.427955 0.9038
    outer loop
      vertex 30.5 -78.5286 30.1181
      vertex 35 -78.6173 30.0761
      vertex 35 -78.5286 30.1181
    endloop
  endfacet
  facet normal 0 -0.427955 0.9038
    outer loop
      vertex 35 -78.6173 30.0761
      vertex 30.5 -78.5286 30.1181
      vertex 30.5 -78.6173 30.0761
    endloop
  endfacet
  facet normal 0 -0.802925 0.59608
    outer loop
      vertex 30.5 -78.227 30.3656
      vertex 35 -78.1685 30.4444
      vertex 30.5 -78.1685 30.4444
    endloop
  endfacet
  facet normal 0 -0.802925 0.59608
    outer loop
      vertex 35 -78.1685 30.4444
      vertex 30.5 -78.227 30.3656
      vertex 35 -78.227 30.3656
    endloop
  endfacet
  facet normal 0 -0.969902 0.243494
    outer loop
      vertex 30.5 -78.0431 30.7097
      vertex 35 -78.0192 30.8049
      vertex 30.5 -78.0192 30.8049
    endloop
  endfacet
  facet normal 0 -0.969902 0.243494
    outer loop
      vertex 35 -78.0192 30.8049
      vertex 30.5 -78.0431 30.7097
      vertex 35 -78.0431 30.7097
    endloop
  endfacet
  facet normal 0 0.243494 -0.969902
    outer loop
      vertex 30.5 -79.2903 31.9569
      vertex 35 -79.1951 31.9808
      vertex 35 -79.2903 31.9569
    endloop
  endfacet
  facet normal 0 0.243494 -0.969902
    outer loop
      vertex 35 -79.1951 31.9808
      vertex 30.5 -79.2903 31.9569
      vertex 30.5 -79.1951 31.9808
    endloop
  endfacet
  facet normal 0 -0.858032 -0.513596
    outer loop
      vertex 30.5 -78.1181 31.4714
      vertex 35 -78.1685 31.5556
      vertex 30.5 -78.1685 31.5556
    endloop
  endfacet
  facet normal 0 -0.858032 -0.513596
    outer loop
      vertex 35 -78.1685 31.5556
      vertex 30.5 -78.1181 31.4714
      vertex 35 -78.1181 31.4714
    endloop
  endfacet
  facet normal 0 0.941742 0.336336
    outer loop
      vertex 35 -79.9239 30.6173
      vertex 30.5 -79.9569 30.7097
      vertex 35 -79.9569 30.7097
    endloop
  endfacet
  facet normal 0 0.941742 0.336336
    outer loop
      vertex 30.5 -79.9569 30.7097
      vertex 35 -79.9239 30.6173
      vertex 30.5 -79.9239 30.6173
    endloop
  endfacet
  facet normal 0 0.969902 0.243494
    outer loop
      vertex 35 -79.9569 30.7097
      vertex 30.5 -79.9808 30.8049
      vertex 35 -79.9808 30.8049
    endloop
  endfacet
  facet normal 0 0.969902 0.243494
    outer loop
      vertex 30.5 -79.9808 30.8049
      vertex 35 -79.9569 30.7097
      vertex 30.5 -79.9569 30.7097
    endloop
  endfacet
  facet normal 0 -0.858032 0.513596
    outer loop
      vertex 30.5 -78.1685 30.4444
      vertex 35 -78.1181 30.5286
      vertex 30.5 -78.1181 30.5286
    endloop
  endfacet
  facet normal 0 -0.858032 0.513596
    outer loop
      vertex 35 -78.1181 30.5286
      vertex 30.5 -78.1685 30.4444
      vertex 35 -78.1685 30.4444
    endloop
  endfacet
  facet normal -0 0.427955 0.9038
    outer loop
      vertex 30.5 -79.3827 30.0761
      vertex 35 -79.4714 30.1181
      vertex 35 -79.3827 30.0761
    endloop
  endfacet
  facet normal 0 0.427955 0.9038
    outer loop
      vertex 35 -79.4714 30.1181
      vertex 30.5 -79.3827 30.0761
      vertex 30.5 -79.4714 30.1181
    endloop
  endfacet
  facet normal -0 0.0489209 0.998803
    outer loop
      vertex 30.5 -79 30
      vertex 35 -79.098 30.0048
      vertex 35 -79 30
    endloop
  endfacet
  facet normal 0 0.0489209 0.998803
    outer loop
      vertex 35 -79.098 30.0048
      vertex 30.5 -79 30
      vertex 30.5 -79.098 30.0048
    endloop
  endfacet
  facet normal -0 0.513596 0.858032
    outer loop
      vertex 30.5 -79.4714 30.1181
      vertex 35 -79.5556 30.1685
      vertex 35 -79.4714 30.1181
    endloop
  endfacet
  facet normal 0 0.513596 0.858032
    outer loop
      vertex 35 -79.5556 30.1685
      vertex 30.5 -79.4714 30.1181
      vertex 30.5 -79.5556 30.1685
    endloop
  endfacet
  facet normal 0 -0.941742 -0.336336
    outer loop
      vertex 30.5 -78.0431 31.2903
      vertex 35 -78.0761 31.3827
      vertex 30.5 -78.0761 31.3827
    endloop
  endfacet
  facet normal 0 -0.941742 -0.336336
    outer loop
      vertex 35 -78.0761 31.3827
      vertex 30.5 -78.0431 31.2903
      vertex 35 -78.0431 31.2903
    endloop
  endfacet
  facet normal 0 -0.336336 0.941742
    outer loop
      vertex 30.5 -78.6173 30.0761
      vertex 35 -78.7097 30.0431
      vertex 35 -78.6173 30.0761
    endloop
  endfacet
  facet normal 0 -0.336336 0.941742
    outer loop
      vertex 35 -78.7097 30.0431
      vertex 30.5 -78.6173 30.0761
      vertex 30.5 -78.7097 30.0431
    endloop
  endfacet
  facet normal -0 0.243494 0.969902
    outer loop
      vertex 30.5 -79.1951 30.0192
      vertex 35 -79.2903 30.0431
      vertex 35 -79.1951 30.0192
    endloop
  endfacet
  facet normal 0 0.243494 0.969902
    outer loop
      vertex 35 -79.2903 30.0431
      vertex 30.5 -79.1951 30.0192
      vertex 30.5 -79.2903 30.0431
    endloop
  endfacet
  facet normal -0 0.146696 0.989182
    outer loop
      vertex 30.5 -79.098 30.0048
      vertex 35 -79.1951 30.0192
      vertex 35 -79.098 30.0048
    endloop
  endfacet
  facet normal 0 0.146696 0.989182
    outer loop
      vertex 35 -79.1951 30.0192
      vertex 30.5 -79.098 30.0048
      vertex 30.5 -79.1951 30.0192
    endloop
  endfacet
  facet normal 0 0.671607 -0.740908
    outer loop
      vertex 30.5 -79.7071 31.7071
      vertex 35 -79.6344 31.773
      vertex 35 -79.7071 31.7071
    endloop
  endfacet
  facet normal 0 0.671607 -0.740908
    outer loop
      vertex 35 -79.6344 31.773
      vertex 30.5 -79.7071 31.7071
      vertex 30.5 -79.6344 31.773
    endloop
  endfacet
  facet normal 0 0.740908 -0.671607
    outer loop
      vertex 35 -79.773 31.6344
      vertex 30.5 -79.7071 31.7071
      vertex 35 -79.7071 31.7071
    endloop
  endfacet
  facet normal 0 0.740908 -0.671607
    outer loop
      vertex 30.5 -79.7071 31.7071
      vertex 35 -79.773 31.6344
      vertex 30.5 -79.773 31.6344
    endloop
  endfacet
  facet normal 0 0.998803 0.0489209
    outer loop
      vertex 35 -79.9952 30.902
      vertex 30.5 -80 31
      vertex 35 -80 31
    endloop
  endfacet
  facet normal 0 0.998803 0.0489209
    outer loop
      vertex 30.5 -80 31
      vertex 35 -79.9952 30.902
      vertex 30.5 -79.9952 30.902
    endloop
  endfacet
  facet normal -0 0.59608 0.802925
    outer loop
      vertex 30.5 -79.5556 30.1685
      vertex 35 -79.6344 30.227
      vertex 35 -79.5556 30.1685
    endloop
  endfacet
  facet normal 0 0.59608 0.802925
    outer loop
      vertex 35 -79.6344 30.227
      vertex 30.5 -79.5556 30.1685
      vertex 30.5 -79.6344 30.227
    endloop
  endfacet
  facet normal 0 0.427955 -0.9038
    outer loop
      vertex 30.5 -79.4714 31.8819
      vertex 35 -79.3827 31.9239
      vertex 35 -79.4714 31.8819
    endloop
  endfacet
  facet normal 0 0.427955 -0.9038
    outer loop
      vertex 35 -79.3827 31.9239
      vertex 30.5 -79.4714 31.8819
      vertex 30.5 -79.3827 31.9239
    endloop
  endfacet
  facet normal 0 -0.998803 -0.0489209
    outer loop
      vertex 30.5 -78 31
      vertex 35 -78.0048 31.098
      vertex 30.5 -78.0048 31.098
    endloop
  endfacet
  facet normal 0 -0.998803 -0.0489209
    outer loop
      vertex 35 -78.0048 31.098
      vertex 30.5 -78 31
      vertex 35 -78 31
    endloop
  endfacet
  facet normal 0 -0.0489209 -0.998803
    outer loop
      vertex 30.5 -79 32
      vertex 35 -78.902 31.9952
      vertex 35 -79 32
    endloop
  endfacet
  facet normal -0 -0.0489209 -0.998803
    outer loop
      vertex 35 -78.902 31.9952
      vertex 30.5 -79 32
      vertex 30.5 -78.902 31.9952
    endloop
  endfacet
  facet normal 0 -0.9038 0.427955
    outer loop
      vertex 30.5 -78.1181 30.5286
      vertex 35 -78.0761 30.6173
      vertex 30.5 -78.0761 30.6173
    endloop
  endfacet
  facet normal 0 -0.9038 0.427955
    outer loop
      vertex 35 -78.0761 30.6173
      vertex 30.5 -78.1181 30.5286
      vertex 35 -78.1181 30.5286
    endloop
  endfacet
  facet normal 0 -0.998803 0.0489209
    outer loop
      vertex 30.5 -78.0048 30.902
      vertex 35 -78 31
      vertex 30.5 -78 31
    endloop
  endfacet
  facet normal 0 -0.998803 0.0489209
    outer loop
      vertex 35 -78 31
      vertex 30.5 -78.0048 30.902
      vertex 35 -78.0048 30.902
    endloop
  endfacet
  facet normal 0 -0.513596 0.858032
    outer loop
      vertex 30.5 -78.4444 30.1685
      vertex 35 -78.5286 30.1181
      vertex 35 -78.4444 30.1685
    endloop
  endfacet
  facet normal 0 -0.513596 0.858032
    outer loop
      vertex 35 -78.5286 30.1181
      vertex 30.5 -78.4444 30.1685
      vertex 30.5 -78.5286 30.1181
    endloop
  endfacet
  facet normal 0 0.802925 0.59608
    outer loop
      vertex 35 -79.773 30.3656
      vertex 30.5 -79.8315 30.4444
      vertex 35 -79.8315 30.4444
    endloop
  endfacet
  facet normal 0 0.802925 0.59608
    outer loop
      vertex 30.5 -79.8315 30.4444
      vertex 35 -79.773 30.3656
      vertex 30.5 -79.773 30.3656
    endloop
  endfacet
  facet normal 0 0.9038 -0.427955
    outer loop
      vertex 35 -79.9239 31.3827
      vertex 30.5 -79.8819 31.4714
      vertex 35 -79.8819 31.4714
    endloop
  endfacet
  facet normal 0 0.9038 -0.427955
    outer loop
      vertex 30.5 -79.8819 31.4714
      vertex 35 -79.9239 31.3827
      vertex 30.5 -79.9239 31.3827
    endloop
  endfacet
  facet normal 0 -0.740908 -0.671607
    outer loop
      vertex 30.5 -78.227 31.6344
      vertex 35 -78.2929 31.7071
      vertex 30.5 -78.2929 31.7071
    endloop
  endfacet
  facet normal 0 -0.740908 -0.671607
    outer loop
      vertex 35 -78.2929 31.7071
      vertex 30.5 -78.227 31.6344
      vertex 35 -78.227 31.6344
    endloop
  endfacet
  facet normal 0 -0.9038 -0.427955
    outer loop
      vertex 30.5 -78.0761 31.3827
      vertex 35 -78.1181 31.4714
      vertex 30.5 -78.1181 31.4714
    endloop
  endfacet
  facet normal 0 -0.9038 -0.427955
    outer loop
      vertex 35 -78.1181 31.4714
      vertex 30.5 -78.0761 31.3827
      vertex 35 -78.0761 31.3827
    endloop
  endfacet
  facet normal 0 0.146696 -0.989182
    outer loop
      vertex 30.5 -79.1951 31.9808
      vertex 35 -79.098 31.9952
      vertex 35 -79.1951 31.9808
    endloop
  endfacet
  facet normal 0 0.146696 -0.989182
    outer loop
      vertex 35 -79.098 31.9952
      vertex 30.5 -79.1951 31.9808
      vertex 30.5 -79.098 31.9952
    endloop
  endfacet
  facet normal 0 -0.671607 0.740908
    outer loop
      vertex 30.5 -78.2929 30.2929
      vertex 35 -78.3656 30.227
      vertex 35 -78.2929 30.2929
    endloop
  endfacet
  facet normal 0 -0.671607 0.740908
    outer loop
      vertex 35 -78.3656 30.227
      vertex 30.5 -78.2929 30.2929
      vertex 30.5 -78.3656 30.227
    endloop
  endfacet
  facet normal 0 -0.740908 0.671607
    outer loop
      vertex 30.5 -78.2929 30.2929
      vertex 35 -78.227 30.3656
      vertex 30.5 -78.227 30.3656
    endloop
  endfacet
  facet normal 0 -0.740908 0.671607
    outer loop
      vertex 35 -78.227 30.3656
      vertex 30.5 -78.2929 30.2929
      vertex 35 -78.2929 30.2929
    endloop
  endfacet
  facet normal 0 -0.969902 -0.243494
    outer loop
      vertex 30.5 -78.0192 31.1951
      vertex 35 -78.0431 31.2903
      vertex 30.5 -78.0431 31.2903
    endloop
  endfacet
  facet normal 0 -0.969902 -0.243494
    outer loop
      vertex 35 -78.0431 31.2903
      vertex 30.5 -78.0192 31.1951
      vertex 35 -78.0192 31.1951
    endloop
  endfacet
  facet normal 0 0.941742 -0.336336
    outer loop
      vertex 35 -79.9569 31.2903
      vertex 30.5 -79.9239 31.3827
      vertex 35 -79.9239 31.3827
    endloop
  endfacet
  facet normal 0 0.941742 -0.336336
    outer loop
      vertex 30.5 -79.9239 31.3827
      vertex 35 -79.9569 31.2903
      vertex 30.5 -79.9569 31.2903
    endloop
  endfacet
  facet normal 0 -0.336336 -0.941742
    outer loop
      vertex 30.5 -78.7097 31.9569
      vertex 35 -78.6173 31.9239
      vertex 35 -78.7097 31.9569
    endloop
  endfacet
  facet normal -0 -0.336336 -0.941742
    outer loop
      vertex 35 -78.6173 31.9239
      vertex 30.5 -78.7097 31.9569
      vertex 30.5 -78.6173 31.9239
    endloop
  endfacet
  facet normal 0 -0.671607 -0.740908
    outer loop
      vertex 30.5 -78.3656 31.773
      vertex 35 -78.2929 31.7071
      vertex 35 -78.3656 31.773
    endloop
  endfacet
  facet normal -0 -0.671607 -0.740908
    outer loop
      vertex 35 -78.2929 31.7071
      vertex 30.5 -78.3656 31.773
      vertex 30.5 -78.2929 31.7071
    endloop
  endfacet
  facet normal 0 -0.989182 0.146696
    outer loop
      vertex 30.5 -78.0192 30.8049
      vertex 35 -78.0048 30.902
      vertex 30.5 -78.0048 30.902
    endloop
  endfacet
  facet normal 0 -0.989182 0.146696
    outer loop
      vertex 35 -78.0048 30.902
      vertex 30.5 -78.0192 30.8049
      vertex 35 -78.0192 30.8049
    endloop
  endfacet
  facet normal 0 0.802925 -0.59608
    outer loop
      vertex 35 -79.8315 31.5556
      vertex 30.5 -79.773 31.6344
      vertex 35 -79.773 31.6344
    endloop
  endfacet
  facet normal 0 0.802925 -0.59608
    outer loop
      vertex 30.5 -79.773 31.6344
      vertex 35 -79.8315 31.5556
      vertex 30.5 -79.8315 31.5556
    endloop
  endfacet
  facet normal 0 0.59608 -0.802925
    outer loop
      vertex 30.5 -79.6344 31.773
      vertex 35 -79.5556 31.8315
      vertex 35 -79.6344 31.773
    endloop
  endfacet
  facet normal 0 0.59608 -0.802925
    outer loop
      vertex 35 -79.5556 31.8315
      vertex 30.5 -79.6344 31.773
      vertex 30.5 -79.5556 31.8315
    endloop
  endfacet
  facet normal 0 0.969902 -0.243494
    outer loop
      vertex 35 -79.9808 31.1951
      vertex 30.5 -79.9569 31.2903
      vertex 35 -79.9569 31.2903
    endloop
  endfacet
  facet normal 0 0.969902 -0.243494
    outer loop
      vertex 30.5 -79.9569 31.2903
      vertex 35 -79.9808 31.1951
      vertex 30.5 -79.9808 31.1951
    endloop
  endfacet
  facet normal 0 -0.427955 -0.9038
    outer loop
      vertex 30.5 -78.6173 31.9239
      vertex 35 -78.5286 31.8819
      vertex 35 -78.6173 31.9239
    endloop
  endfacet
  facet normal -0 -0.427955 -0.9038
    outer loop
      vertex 35 -78.5286 31.8819
      vertex 30.5 -78.6173 31.9239
      vertex 30.5 -78.5286 31.8819
    endloop
  endfacet
  facet normal 0 -0.59608 -0.802925
    outer loop
      vertex 30.5 -78.4444 31.8315
      vertex 35 -78.3656 31.773
      vertex 35 -78.4444 31.8315
    endloop
  endfacet
  facet normal -0 -0.59608 -0.802925
    outer loop
      vertex 35 -78.3656 31.773
      vertex 30.5 -78.4444 31.8315
      vertex 30.5 -78.3656 31.773
    endloop
  endfacet
  facet normal 0 0.513596 -0.858032
    outer loop
      vertex 30.5 -79.5556 31.8315
      vertex 35 -79.4714 31.8819
      vertex 35 -79.5556 31.8315
    endloop
  endfacet
  facet normal 0 0.513596 -0.858032
    outer loop
      vertex 35 -79.4714 31.8819
      vertex 30.5 -79.5556 31.8315
      vertex 30.5 -79.4714 31.8819
    endloop
  endfacet
  facet normal 0 -0.146696 -0.989182
    outer loop
      vertex 30.5 -78.902 31.9952
      vertex 35 -78.8049 31.9808
      vertex 35 -78.902 31.9952
    endloop
  endfacet
  facet normal -0 -0.146696 -0.989182
    outer loop
      vertex 35 -78.8049 31.9808
      vertex 30.5 -78.902 31.9952
      vertex 30.5 -78.8049 31.9808
    endloop
  endfacet
  facet normal 0 0.740908 0.671607
    outer loop
      vertex 35 -79.7071 30.2929
      vertex 30.5 -79.773 30.3656
      vertex 35 -79.773 30.3656
    endloop
  endfacet
  facet normal 0 0.740908 0.671607
    outer loop
      vertex 30.5 -79.773 30.3656
      vertex 35 -79.7071 30.2929
      vertex 30.5 -79.7071 30.2929
    endloop
  endfacet
  facet normal 0 0.0489209 -0.998803
    outer loop
      vertex 30.5 -32.098 22.9952
      vertex 35 -32 23
      vertex 35 -32.098 22.9952
    endloop
  endfacet
  facet normal 0 0.0489209 -0.998803
    outer loop
      vertex 35 -32 23
      vertex 30.5 -32.098 22.9952
      vertex 30.5 -32 23
    endloop
  endfacet
  facet normal 0 -0.513596 -0.858032
    outer loop
      vertex 30.5 -31.5286 22.8819
      vertex 35 -31.4444 22.8315
      vertex 35 -31.5286 22.8819
    endloop
  endfacet
  facet normal -0 -0.513596 -0.858032
    outer loop
      vertex 35 -31.4444 22.8315
      vertex 30.5 -31.5286 22.8819
      vertex 30.5 -31.4444 22.8315
    endloop
  endfacet
  facet normal 0 -0.243494 0.969902
    outer loop
      vertex 30.5 -31.7097 21.0431
      vertex 35 -31.8049 21.0192
      vertex 35 -31.7097 21.0431
    endloop
  endfacet
  facet normal 0 -0.243494 0.969902
    outer loop
      vertex 35 -31.8049 21.0192
      vertex 30.5 -31.7097 21.0431
      vertex 30.5 -31.8049 21.0192
    endloop
  endfacet
  facet normal 0 0.336336 -0.941742
    outer loop
      vertex 30.5 -32.3827 22.9239
      vertex 35 -32.2903 22.9569
      vertex 35 -32.3827 22.9239
    endloop
  endfacet
  facet normal 0 0.336336 -0.941742
    outer loop
      vertex 35 -32.2903 22.9569
      vertex 30.5 -32.3827 22.9239
      vertex 30.5 -32.2903 22.9569
    endloop
  endfacet
  facet normal 0 0.989182 -0.146696
    outer loop
      vertex 35 -32.9952 22.098
      vertex 30.5 -32.9808 22.1951
      vertex 35 -32.9808 22.1951
    endloop
  endfacet
  facet normal 0 0.989182 -0.146696
    outer loop
      vertex 30.5 -32.9808 22.1951
      vertex 35 -32.9952 22.098
      vertex 30.5 -32.9952 22.098
    endloop
  endfacet
  facet normal 0 -0.59608 0.802925
    outer loop
      vertex 30.5 -31.3656 21.227
      vertex 35 -31.4444 21.1685
      vertex 35 -31.3656 21.227
    endloop
  endfacet
  facet normal 0 -0.59608 0.802925
    outer loop
      vertex 35 -31.4444 21.1685
      vertex 30.5 -31.3656 21.227
      vertex 30.5 -31.4444 21.1685
    endloop
  endfacet
  facet normal 0 -0.0489209 0.998803
    outer loop
      vertex 30.5 -31.902 21.0048
      vertex 35 -32 21
      vertex 35 -31.902 21.0048
    endloop
  endfacet
  facet normal 0 -0.0489209 0.998803
    outer loop
      vertex 35 -32 21
      vertex 30.5 -31.902 21.0048
      vertex 30.5 -32 21
    endloop
  endfacet
  facet normal -0 0.336336 0.941742
    outer loop
      vertex 30.5 -32.2903 21.0431
      vertex 35 -32.3827 21.0761
      vertex 35 -32.2903 21.0431
    endloop
  endfacet
  facet normal 0 0.336336 0.941742
    outer loop
      vertex 35 -32.3827 21.0761
      vertex 30.5 -32.2903 21.0431
      vertex 30.5 -32.3827 21.0761
    endloop
  endfacet
  facet normal 0 0.9038 0.427955
    outer loop
      vertex 35 -32.8819 21.5286
      vertex 30.5 -32.9239 21.6173
      vertex 35 -32.9239 21.6173
    endloop
  endfacet
  facet normal 0 0.9038 0.427955
    outer loop
      vertex 30.5 -32.9239 21.6173
      vertex 35 -32.8819 21.5286
      vertex 30.5 -32.8819 21.5286
    endloop
  endfacet
  facet normal 0 -0.802925 -0.59608
    outer loop
      vertex 30.5 -31.1685 22.5556
      vertex 35 -31.227 22.6344
      vertex 30.5 -31.227 22.6344
    endloop
  endfacet
  facet normal 0 -0.802925 -0.59608
    outer loop
      vertex 35 -31.227 22.6344
      vertex 30.5 -31.1685 22.5556
      vertex 35 -31.1685 22.5556
    endloop
  endfacet
  facet normal 0 0.989182 0.146696
    outer loop
      vertex 35 -32.9808 21.8049
      vertex 30.5 -32.9952 21.902
      vertex 35 -32.9952 21.902
    endloop
  endfacet
  facet normal 0 0.989182 0.146696
    outer loop
      vertex 30.5 -32.9952 21.902
      vertex 35 -32.9808 21.8049
      vertex 30.5 -32.9808 21.8049
    endloop
  endfacet
  facet normal 0 0.858032 -0.513596
    outer loop
      vertex 35 -32.8819 22.4714
      vertex 30.5 -32.8315 22.5556
      vertex 35 -32.8315 22.5556
    endloop
  endfacet
  facet normal 0 0.858032 -0.513596
    outer loop
      vertex 30.5 -32.8315 22.5556
      vertex 35 -32.8819 22.4714
      vertex 30.5 -32.8819 22.4714
    endloop
  endfacet
  facet normal 0 -0.243494 -0.969902
    outer loop
      vertex 30.5 -31.8049 22.9808
      vertex 35 -31.7097 22.9569
      vertex 35 -31.8049 22.9808
    endloop
  endfacet
  facet normal -0 -0.243494 -0.969902
    outer loop
      vertex 35 -31.7097 22.9569
      vertex 30.5 -31.8049 22.9808
      vertex 30.5 -31.7097 22.9569
    endloop
  endfacet
  facet normal 0 0.858032 0.513596
    outer loop
      vertex 35 -32.8315 21.4444
      vertex 30.5 -32.8819 21.5286
      vertex 35 -32.8819 21.5286
    endloop
  endfacet
  facet normal 0 0.858032 0.513596
    outer loop
      vertex 30.5 -32.8819 21.5286
      vertex 35 -32.8315 21.4444
      vertex 30.5 -32.8315 21.4444
    endloop
  endfacet
  facet normal 0 0.998803 -0.0489209
    outer loop
      vertex 35 -33 22
      vertex 30.5 -32.9952 22.098
      vertex 35 -32.9952 22.098
    endloop
  endfacet
  facet normal 0 0.998803 -0.0489209
    outer loop
      vertex 30.5 -32.9952 22.098
      vertex 35 -33 22
      vertex 30.5 -33 22
    endloop
  endfacet
  facet normal 0 -0.989182 -0.146696
    outer loop
      vertex 30.5 -31.0048 22.098
      vertex 35 -31.0192 22.1951
      vertex 30.5 -31.0192 22.1951
    endloop
  endfacet
  facet normal 0 -0.989182 -0.146696
    outer loop
      vertex 35 -31.0192 22.1951
      vertex 30.5 -31.0048 22.098
      vertex 35 -31.0048 22.098
    endloop
  endfacet
  facet normal -0 0.671607 0.740908
    outer loop
      vertex 30.5 -32.6344 21.227
      vertex 35 -32.7071 21.2929
      vertex 35 -32.6344 21.227
    endloop
  endfacet
  facet normal 0 0.671607 0.740908
    outer loop
      vertex 35 -32.7071 21.2929
      vertex 30.5 -32.6344 21.227
      vertex 30.5 -32.7071 21.2929
    endloop
  endfacet
  facet normal 0 -0.941742 0.336336
    outer loop
      vertex 30.5 -31.0761 21.6173
      vertex 35 -31.0431 21.7097
      vertex 30.5 -31.0431 21.7097
    endloop
  endfacet
  facet normal 0 -0.941742 0.336336
    outer loop
      vertex 35 -31.0431 21.7097
      vertex 30.5 -31.0761 21.6173
      vertex 35 -31.0761 21.6173
    endloop
  endfacet
  facet normal 0 -0.427955 0.9038
    outer loop
      vertex 30.5 -31.5286 21.1181
      vertex 35 -31.6173 21.0761
      vertex 35 -31.5286 21.1181
    endloop
  endfacet
  facet normal 0 -0.427955 0.9038
    outer loop
      vertex 35 -31.6173 21.0761
      vertex 30.5 -31.5286 21.1181
      vertex 30.5 -31.6173 21.0761
    endloop
  endfacet
  facet normal 0 -0.802925 0.59608
    outer loop
      vertex 30.5 -31.227 21.3656
      vertex 35 -31.1685 21.4444
      vertex 30.5 -31.1685 21.4444
    endloop
  endfacet
  facet normal 0 -0.802925 0.59608
    outer loop
      vertex 35 -31.1685 21.4444
      vertex 30.5 -31.227 21.3656
      vertex 35 -31.227 21.3656
    endloop
  endfacet
  facet normal 0 -0.969902 0.243494
    outer loop
      vertex 30.5 -31.0431 21.7097
      vertex 35 -31.0192 21.8049
      vertex 30.5 -31.0192 21.8049
    endloop
  endfacet
  facet normal 0 -0.969902 0.243494
    outer loop
      vertex 35 -31.0192 21.8049
      vertex 30.5 -31.0431 21.7097
      vertex 35 -31.0431 21.7097
    endloop
  endfacet
  facet normal 0 0.243494 -0.969902
    outer loop
      vertex 30.5 -32.2903 22.9569
      vertex 35 -32.1951 22.9808
      vertex 35 -32.2903 22.9569
    endloop
  endfacet
  facet normal 0 0.243494 -0.969902
    outer loop
      vertex 35 -32.1951 22.9808
      vertex 30.5 -32.2903 22.9569
      vertex 30.5 -32.1951 22.9808
    endloop
  endfacet
  facet normal 0 -0.858032 -0.513596
    outer loop
      vertex 30.5 -31.1181 22.4714
      vertex 35 -31.1685 22.5556
      vertex 30.5 -31.1685 22.5556
    endloop
  endfacet
  facet normal 0 -0.858032 -0.513596
    outer loop
      vertex 35 -31.1685 22.5556
      vertex 30.5 -31.1181 22.4714
      vertex 35 -31.1181 22.4714
    endloop
  endfacet
  facet normal 0 0.513596 -0.858032
    outer loop
      vertex 30.5 -32.5556 22.8315
      vertex 35 -32.4714 22.8819
      vertex 35 -32.5556 22.8315
    endloop
  endfacet
  facet normal 0 0.513596 -0.858032
    outer loop
      vertex 35 -32.4714 22.8819
      vertex 30.5 -32.5556 22.8315
      vertex 30.5 -32.4714 22.8819
    endloop
  endfacet
  facet normal 0 0.969902 0.243494
    outer loop
      vertex 35 -32.9569 21.7097
      vertex 30.5 -32.9808 21.8049
      vertex 35 -32.9808 21.8049
    endloop
  endfacet
  facet normal 0 0.969902 0.243494
    outer loop
      vertex 30.5 -32.9808 21.8049
      vertex 35 -32.9569 21.7097
      vertex 30.5 -32.9569 21.7097
    endloop
  endfacet
  facet normal 0 -0.858032 0.513596
    outer loop
      vertex 30.5 -31.1685 21.4444
      vertex 35 -31.1181 21.5286
      vertex 30.5 -31.1181 21.5286
    endloop
  endfacet
  facet normal 0 -0.858032 0.513596
    outer loop
      vertex 35 -31.1181 21.5286
      vertex 30.5 -31.1685 21.4444
      vertex 35 -31.1685 21.4444
    endloop
  endfacet
  facet normal -0 0.427955 0.9038
    outer loop
      vertex 30.5 -32.3827 21.0761
      vertex 35 -32.4714 21.1181
      vertex 35 -32.3827 21.0761
    endloop
  endfacet
  facet normal 0 0.427955 0.9038
    outer loop
      vertex 35 -32.4714 21.1181
      vertex 30.5 -32.3827 21.0761
      vertex 30.5 -32.4714 21.1181
    endloop
  endfacet
  facet normal -0 0.0489209 0.998803
    outer loop
      vertex 30.5 -32 21
      vertex 35 -32.098 21.0048
      vertex 35 -32 21
    endloop
  endfacet
  facet normal 0 0.0489209 0.998803
    outer loop
      vertex 35 -32.098 21.0048
      vertex 30.5 -32 21
      vertex 30.5 -32.098 21.0048
    endloop
  endfacet
  facet normal -0 0.513596 0.858032
    outer loop
      vertex 30.5 -32.4714 21.1181
      vertex 35 -32.5556 21.1685
      vertex 35 -32.4714 21.1181
    endloop
  endfacet
  facet normal 0 0.513596 0.858032
    outer loop
      vertex 35 -32.5556 21.1685
      vertex 30.5 -32.4714 21.1181
      vertex 30.5 -32.5556 21.1685
    endloop
  endfacet
  facet normal 0 -0.941742 -0.336336
    outer loop
      vertex 30.5 -31.0431 22.2903
      vertex 35 -31.0761 22.3827
      vertex 30.5 -31.0761 22.3827
    endloop
  endfacet
  facet normal 0 -0.941742 -0.336336
    outer loop
      vertex 35 -31.0761 22.3827
      vertex 30.5 -31.0431 22.2903
      vertex 35 -31.0431 22.2903
    endloop
  endfacet
  facet normal 0 -0.146696 0.989182
    outer loop
      vertex 30.5 -31.8049 21.0192
      vertex 35 -31.902 21.0048
      vertex 35 -31.8049 21.0192
    endloop
  endfacet
  facet normal 0 -0.146696 0.989182
    outer loop
      vertex 35 -31.902 21.0048
      vertex 30.5 -31.8049 21.0192
      vertex 30.5 -31.902 21.0048
    endloop
  endfacet
  facet normal 0 -0.336336 0.941742
    outer loop
      vertex 30.5 -31.6173 21.0761
      vertex 35 -31.7097 21.0431
      vertex 35 -31.6173 21.0761
    endloop
  endfacet
  facet normal 0 -0.336336 0.941742
    outer loop
      vertex 35 -31.7097 21.0431
      vertex 30.5 -31.6173 21.0761
      vertex 30.5 -31.7097 21.0431
    endloop
  endfacet
  facet normal -0 0.243494 0.969902
    outer loop
      vertex 30.5 -32.1951 21.0192
      vertex 35 -32.2903 21.0431
      vertex 35 -32.1951 21.0192
    endloop
  endfacet
  facet normal 0 0.243494 0.969902
    outer loop
      vertex 35 -32.2903 21.0431
      vertex 30.5 -32.1951 21.0192
      vertex 30.5 -32.2903 21.0431
    endloop
  endfacet
  facet normal -0 0.146696 0.989182
    outer loop
      vertex 30.5 -32.098 21.0048
      vertex 35 -32.1951 21.0192
      vertex 35 -32.098 21.0048
    endloop
  endfacet
  facet normal 0 0.146696 0.989182
    outer loop
      vertex 35 -32.1951 21.0192
      vertex 30.5 -32.098 21.0048
      vertex 30.5 -32.1951 21.0192
    endloop
  endfacet
  facet normal 0 0.671607 -0.740908
    outer loop
      vertex 30.5 -32.7071 22.7071
      vertex 35 -32.6344 22.773
      vertex 35 -32.7071 22.7071
    endloop
  endfacet
  facet normal 0 0.671607 -0.740908
    outer loop
      vertex 35 -32.6344 22.773
      vertex 30.5 -32.7071 22.7071
      vertex 30.5 -32.6344 22.773
    endloop
  endfacet
  facet normal 0 0.740908 -0.671607
    outer loop
      vertex 35 -32.773 22.6344
      vertex 30.5 -32.7071 22.7071
      vertex 35 -32.7071 22.7071
    endloop
  endfacet
  facet normal 0 0.740908 -0.671607
    outer loop
      vertex 30.5 -32.7071 22.7071
      vertex 35 -32.773 22.6344
      vertex 30.5 -32.773 22.6344
    endloop
  endfacet
  facet normal 0 0.998803 0.0489209
    outer loop
      vertex 35 -32.9952 21.902
      vertex 30.5 -33 22
      vertex 35 -33 22
    endloop
  endfacet
  facet normal 0 0.998803 0.0489209
    outer loop
      vertex 30.5 -33 22
      vertex 35 -32.9952 21.902
      vertex 30.5 -32.9952 21.902
    endloop
  endfacet
  facet normal -0 0.59608 0.802925
    outer loop
      vertex 30.5 -32.5556 21.1685
      vertex 35 -32.6344 21.227
      vertex 35 -32.5556 21.1685
    endloop
  endfacet
  facet normal 0 0.59608 0.802925
    outer loop
      vertex 35 -32.6344 21.227
      vertex 30.5 -32.5556 21.1685
      vertex 30.5 -32.6344 21.227
    endloop
  endfacet
  facet normal 0 0.427955 -0.9038
    outer loop
      vertex 30.5 -32.4714 22.8819
      vertex 35 -32.3827 22.9239
      vertex 35 -32.4714 22.8819
    endloop
  endfacet
  facet normal 0 0.427955 -0.9038
    outer loop
      vertex 35 -32.3827 22.9239
      vertex 30.5 -32.4714 22.8819
      vertex 30.5 -32.3827 22.9239
    endloop
  endfacet
  facet normal 0 -0.998803 -0.0489209
    outer loop
      vertex 30.5 -31 22
      vertex 35 -31.0048 22.098
      vertex 30.5 -31.0048 22.098
    endloop
  endfacet
  facet normal 0 -0.998803 -0.0489209
    outer loop
      vertex 35 -31.0048 22.098
      vertex 30.5 -31 22
      vertex 35 -31 22
    endloop
  endfacet
  facet normal 0 -0.0489209 -0.998803
    outer loop
      vertex 30.5 -32 23
      vertex 35 -31.902 22.9952
      vertex 35 -32 23
    endloop
  endfacet
  facet normal -0 -0.0489209 -0.998803
    outer loop
      vertex 35 -31.902 22.9952
      vertex 30.5 -32 23
      vertex 30.5 -31.902 22.9952
    endloop
  endfacet
  facet normal 0 -0.9038 0.427955
    outer loop
      vertex 30.5 -31.1181 21.5286
      vertex 35 -31.0761 21.6173
      vertex 30.5 -31.0761 21.6173
    endloop
  endfacet
  facet normal 0 -0.9038 0.427955
    outer loop
      vertex 35 -31.0761 21.6173
      vertex 30.5 -31.1181 21.5286
      vertex 35 -31.1181 21.5286
    endloop
  endfacet
  facet normal 0 -0.998803 0.0489209
    outer loop
      vertex 30.5 -31.0048 21.902
      vertex 35 -31 22
      vertex 30.5 -31 22
    endloop
  endfacet
  facet normal 0 -0.998803 0.0489209
    outer loop
      vertex 35 -31 22
      vertex 30.5 -31.0048 21.902
      vertex 35 -31.0048 21.902
    endloop
  endfacet
  facet normal 0 -0.513596 0.858032
    outer loop
      vertex 30.5 -31.4444 21.1685
      vertex 35 -31.5286 21.1181
      vertex 35 -31.4444 21.1685
    endloop
  endfacet
  facet normal 0 -0.513596 0.858032
    outer loop
      vertex 35 -31.5286 21.1181
      vertex 30.5 -31.4444 21.1685
      vertex 30.5 -31.5286 21.1181
    endloop
  endfacet
  facet normal 0 0.802925 0.59608
    outer loop
      vertex 35 -32.773 21.3656
      vertex 30.5 -32.8315 21.4444
      vertex 35 -32.8315 21.4444
    endloop
  endfacet
  facet normal 0 0.802925 0.59608
    outer loop
      vertex 30.5 -32.8315 21.4444
      vertex 35 -32.773 21.3656
      vertex 30.5 -32.773 21.3656
    endloop
  endfacet
  facet normal 0 0.9038 -0.427955
    outer loop
      vertex 35 -32.9239 22.3827
      vertex 30.5 -32.8819 22.4714
      vertex 35 -32.8819 22.4714
    endloop
  endfacet
  facet normal 0 0.9038 -0.427955
    outer loop
      vertex 30.5 -32.8819 22.4714
      vertex 35 -32.9239 22.3827
      vertex 30.5 -32.9239 22.3827
    endloop
  endfacet
  facet normal 0 -0.740908 -0.671607
    outer loop
      vertex 30.5 -31.227 22.6344
      vertex 35 -31.2929 22.7071
      vertex 30.5 -31.2929 22.7071
    endloop
  endfacet
  facet normal 0 -0.740908 -0.671607
    outer loop
      vertex 35 -31.2929 22.7071
      vertex 30.5 -31.227 22.6344
      vertex 35 -31.227 22.6344
    endloop
  endfacet
  facet normal 0 -0.9038 -0.427955
    outer loop
      vertex 30.5 -31.0761 22.3827
      vertex 35 -31.1181 22.4714
      vertex 30.5 -31.1181 22.4714
    endloop
  endfacet
  facet normal 0 -0.9038 -0.427955
    outer loop
      vertex 35 -31.1181 22.4714
      vertex 30.5 -31.0761 22.3827
      vertex 35 -31.0761 22.3827
    endloop
  endfacet
  facet normal 0 0.146696 -0.989182
    outer loop
      vertex 30.5 -32.1951 22.9808
      vertex 35 -32.098 22.9952
      vertex 35 -32.1951 22.9808
    endloop
  endfacet
  facet normal 0 0.146696 -0.989182
    outer loop
      vertex 35 -32.098 22.9952
      vertex 30.5 -32.1951 22.9808
      vertex 30.5 -32.098 22.9952
    endloop
  endfacet
  facet normal 0 -0.671607 0.740908
    outer loop
      vertex 30.5 -31.2929 21.2929
      vertex 35 -31.3656 21.227
      vertex 35 -31.2929 21.2929
    endloop
  endfacet
  facet normal 0 -0.671607 0.740908
    outer loop
      vertex 35 -31.3656 21.227
      vertex 30.5 -31.2929 21.2929
      vertex 30.5 -31.3656 21.227
    endloop
  endfacet
  facet normal 0 -0.740908 0.671607
    outer loop
      vertex 30.5 -31.2929 21.2929
      vertex 35 -31.227 21.3656
      vertex 30.5 -31.227 21.3656
    endloop
  endfacet
  facet normal 0 -0.740908 0.671607
    outer loop
      vertex 35 -31.227 21.3656
      vertex 30.5 -31.2929 21.2929
      vertex 35 -31.2929 21.2929
    endloop
  endfacet
  facet normal 0 0.941742 0.336336
    outer loop
      vertex 35 -32.9239 21.6173
      vertex 30.5 -32.9569 21.7097
      vertex 35 -32.9569 21.7097
    endloop
  endfacet
  facet normal 0 0.941742 0.336336
    outer loop
      vertex 30.5 -32.9569 21.7097
      vertex 35 -32.9239 21.6173
      vertex 30.5 -32.9239 21.6173
    endloop
  endfacet
  facet normal 0 -0.969902 -0.243494
    outer loop
      vertex 30.5 -31.0192 22.1951
      vertex 35 -31.0431 22.2903
      vertex 30.5 -31.0431 22.2903
    endloop
  endfacet
  facet normal 0 -0.969902 -0.243494
    outer loop
      vertex 35 -31.0431 22.2903
      vertex 30.5 -31.0192 22.1951
      vertex 35 -31.0192 22.1951
    endloop
  endfacet
  facet normal 0 0.941742 -0.336336
    outer loop
      vertex 35 -32.9569 22.2903
      vertex 30.5 -32.9239 22.3827
      vertex 35 -32.9239 22.3827
    endloop
  endfacet
  facet normal 0 0.941742 -0.336336
    outer loop
      vertex 30.5 -32.9239 22.3827
      vertex 35 -32.9569 22.2903
      vertex 30.5 -32.9569 22.2903
    endloop
  endfacet
  facet normal 0 -0.336336 -0.941742
    outer loop
      vertex 30.5 -31.7097 22.9569
      vertex 35 -31.6173 22.9239
      vertex 35 -31.7097 22.9569
    endloop
  endfacet
  facet normal -0 -0.336336 -0.941742
    outer loop
      vertex 35 -31.6173 22.9239
      vertex 30.5 -31.7097 22.9569
      vertex 30.5 -31.6173 22.9239
    endloop
  endfacet
  facet normal 0 -0.671607 -0.740908
    outer loop
      vertex 30.5 -31.3656 22.773
      vertex 35 -31.2929 22.7071
      vertex 35 -31.3656 22.773
    endloop
  endfacet
  facet normal -0 -0.671607 -0.740908
    outer loop
      vertex 35 -31.2929 22.7071
      vertex 30.5 -31.3656 22.773
      vertex 30.5 -31.2929 22.7071
    endloop
  endfacet
  facet normal 0 -0.989182 0.146696
    outer loop
      vertex 30.5 -31.0192 21.8049
      vertex 35 -31.0048 21.902
      vertex 30.5 -31.0048 21.902
    endloop
  endfacet
  facet normal 0 -0.989182 0.146696
    outer loop
      vertex 35 -31.0048 21.902
      vertex 30.5 -31.0192 21.8049
      vertex 35 -31.0192 21.8049
    endloop
  endfacet
  facet normal 0 0.802925 -0.59608
    outer loop
      vertex 35 -32.8315 22.5556
      vertex 30.5 -32.773 22.6344
      vertex 35 -32.773 22.6344
    endloop
  endfacet
  facet normal 0 0.802925 -0.59608
    outer loop
      vertex 30.5 -32.773 22.6344
      vertex 35 -32.8315 22.5556
      vertex 30.5 -32.8315 22.5556
    endloop
  endfacet
  facet normal 0 0.59608 -0.802925
    outer loop
      vertex 30.5 -32.6344 22.773
      vertex 35 -32.5556 22.8315
      vertex 35 -32.6344 22.773
    endloop
  endfacet
  facet normal 0 0.59608 -0.802925
    outer loop
      vertex 35 -32.5556 22.8315
      vertex 30.5 -32.6344 22.773
      vertex 30.5 -32.5556 22.8315
    endloop
  endfacet
  facet normal 0 0.969902 -0.243494
    outer loop
      vertex 35 -32.9808 22.1951
      vertex 30.5 -32.9569 22.2903
      vertex 35 -32.9569 22.2903
    endloop
  endfacet
  facet normal 0 0.969902 -0.243494
    outer loop
      vertex 30.5 -32.9569 22.2903
      vertex 35 -32.9808 22.1951
      vertex 30.5 -32.9808 22.1951
    endloop
  endfacet
  facet normal 0 -0.427955 -0.9038
    outer loop
      vertex 30.5 -31.6173 22.9239
      vertex 35 -31.5286 22.8819
      vertex 35 -31.6173 22.9239
    endloop
  endfacet
  facet normal -0 -0.427955 -0.9038
    outer loop
      vertex 35 -31.5286 22.8819
      vertex 30.5 -31.6173 22.9239
      vertex 30.5 -31.5286 22.8819
    endloop
  endfacet
  facet normal 0 -0.59608 -0.802925
    outer loop
      vertex 30.5 -31.4444 22.8315
      vertex 35 -31.3656 22.773
      vertex 35 -31.4444 22.8315
    endloop
  endfacet
  facet normal -0 -0.59608 -0.802925
    outer loop
      vertex 35 -31.3656 22.773
      vertex 30.5 -31.4444 22.8315
      vertex 30.5 -31.3656 22.773
    endloop
  endfacet
  facet normal 0 -0.146696 -0.989182
    outer loop
      vertex 30.5 -31.902 22.9952
      vertex 35 -31.8049 22.9808
      vertex 35 -31.902 22.9952
    endloop
  endfacet
  facet normal -0 -0.146696 -0.989182
    outer loop
      vertex 35 -31.8049 22.9808
      vertex 30.5 -31.902 22.9952
      vertex 30.5 -31.8049 22.9808
    endloop
  endfacet
  facet normal 0 0.740908 0.671607
    outer loop
      vertex 35 -32.7071 21.2929
      vertex 30.5 -32.773 21.3656
      vertex 35 -32.773 21.3656
    endloop
  endfacet
  facet normal 0 0.740908 0.671607
    outer loop
      vertex 30.5 -32.773 21.3656
      vertex 35 -32.7071 21.2929
      vertex 30.5 -32.7071 21.2929
    endloop
  endfacet
  facet normal 0 0.0489209 -0.998803
    outer loop
      vertex 30.5 -32.098 12.9952
      vertex 35 -32 13
      vertex 35 -32.098 12.9952
    endloop
  endfacet
  facet normal 0 0.0489209 -0.998803
    outer loop
      vertex 35 -32 13
      vertex 30.5 -32.098 12.9952
      vertex 30.5 -32 13
    endloop
  endfacet
  facet normal 0 -0.513596 -0.858032
    outer loop
      vertex 30.5 -31.5286 12.8819
      vertex 35 -31.4444 12.8315
      vertex 35 -31.5286 12.8819
    endloop
  endfacet
  facet normal -0 -0.513596 -0.858032
    outer loop
      vertex 35 -31.4444 12.8315
      vertex 30.5 -31.5286 12.8819
      vertex 30.5 -31.4444 12.8315
    endloop
  endfacet
  facet normal 0 -0.243494 0.969902
    outer loop
      vertex 30.5 -31.7097 11.0431
      vertex 35 -31.8049 11.0192
      vertex 35 -31.7097 11.0431
    endloop
  endfacet
  facet normal 0 -0.243494 0.969902
    outer loop
      vertex 35 -31.8049 11.0192
      vertex 30.5 -31.7097 11.0431
      vertex 30.5 -31.8049 11.0192
    endloop
  endfacet
  facet normal 0 0.336336 -0.941742
    outer loop
      vertex 30.5 -32.3827 12.9239
      vertex 35 -32.2903 12.9569
      vertex 35 -32.3827 12.9239
    endloop
  endfacet
  facet normal 0 0.336336 -0.941742
    outer loop
      vertex 35 -32.2903 12.9569
      vertex 30.5 -32.3827 12.9239
      vertex 30.5 -32.2903 12.9569
    endloop
  endfacet
  facet normal 0 0.989182 -0.146696
    outer loop
      vertex 35 -32.9952 12.098
      vertex 30.5 -32.9808 12.1951
      vertex 35 -32.9808 12.1951
    endloop
  endfacet
  facet normal 0 0.989182 -0.146696
    outer loop
      vertex 30.5 -32.9808 12.1951
      vertex 35 -32.9952 12.098
      vertex 30.5 -32.9952 12.098
    endloop
  endfacet
  facet normal 0 -0.59608 0.802925
    outer loop
      vertex 30.5 -31.3656 11.227
      vertex 35 -31.4444 11.1685
      vertex 35 -31.3656 11.227
    endloop
  endfacet
  facet normal 0 -0.59608 0.802925
    outer loop
      vertex 35 -31.4444 11.1685
      vertex 30.5 -31.3656 11.227
      vertex 30.5 -31.4444 11.1685
    endloop
  endfacet
  facet normal 0 -0.0489209 0.998803
    outer loop
      vertex 30.5 -31.902 11.0048
      vertex 35 -32 11
      vertex 35 -31.902 11.0048
    endloop
  endfacet
  facet normal 0 -0.0489209 0.998803
    outer loop
      vertex 35 -32 11
      vertex 30.5 -31.902 11.0048
      vertex 30.5 -32 11
    endloop
  endfacet
  facet normal -0 0.336336 0.941742
    outer loop
      vertex 30.5 -32.2903 11.0431
      vertex 35 -32.3827 11.0761
      vertex 35 -32.2903 11.0431
    endloop
  endfacet
  facet normal 0 0.336336 0.941742
    outer loop
      vertex 35 -32.3827 11.0761
      vertex 30.5 -32.2903 11.0431
      vertex 30.5 -32.3827 11.0761
    endloop
  endfacet
  facet normal 0 -0.989182 0.146696
    outer loop
      vertex 30.5 -31.0192 11.8049
      vertex 35 -31.0048 11.902
      vertex 30.5 -31.0048 11.902
    endloop
  endfacet
  facet normal 0 -0.989182 0.146696
    outer loop
      vertex 35 -31.0048 11.902
      vertex 30.5 -31.0192 11.8049
      vertex 35 -31.0192 11.8049
    endloop
  endfacet
  facet normal 0 0.9038 0.427955
    outer loop
      vertex 35 -32.8819 11.5286
      vertex 30.5 -32.9239 11.6173
      vertex 35 -32.9239 11.6173
    endloop
  endfacet
  facet normal 0 0.9038 0.427955
    outer loop
      vertex 30.5 -32.9239 11.6173
      vertex 35 -32.8819 11.5286
      vertex 30.5 -32.8819 11.5286
    endloop
  endfacet
  facet normal 0 -0.802925 -0.59608
    outer loop
      vertex 30.5 -31.1685 12.5556
      vertex 35 -31.227 12.6344
      vertex 30.5 -31.227 12.6344
    endloop
  endfacet
  facet normal 0 -0.802925 -0.59608
    outer loop
      vertex 35 -31.227 12.6344
      vertex 30.5 -31.1685 12.5556
      vertex 35 -31.1685 12.5556
    endloop
  endfacet
  facet normal 0 0.989182 0.146696
    outer loop
      vertex 35 -32.9808 11.8049
      vertex 30.5 -32.9952 11.902
      vertex 35 -32.9952 11.902
    endloop
  endfacet
  facet normal 0 0.989182 0.146696
    outer loop
      vertex 30.5 -32.9952 11.902
      vertex 35 -32.9808 11.8049
      vertex 30.5 -32.9808 11.8049
    endloop
  endfacet
  facet normal 0 0.858032 -0.513596
    outer loop
      vertex 35 -32.8819 12.4714
      vertex 30.5 -32.8315 12.5556
      vertex 35 -32.8315 12.5556
    endloop
  endfacet
  facet normal 0 0.858032 -0.513596
    outer loop
      vertex 30.5 -32.8315 12.5556
      vertex 35 -32.8819 12.4714
      vertex 30.5 -32.8819 12.4714
    endloop
  endfacet
  facet normal 0 -0.243494 -0.969902
    outer loop
      vertex 30.5 -31.8049 12.9808
      vertex 35 -31.7097 12.9569
      vertex 35 -31.8049 12.9808
    endloop
  endfacet
  facet normal -0 -0.243494 -0.969902
    outer loop
      vertex 35 -31.7097 12.9569
      vertex 30.5 -31.8049 12.9808
      vertex 30.5 -31.7097 12.9569
    endloop
  endfacet
  facet normal 0 0.858032 0.513596
    outer loop
      vertex 35 -32.8315 11.4444
      vertex 30.5 -32.8819 11.5286
      vertex 35 -32.8819 11.5286
    endloop
  endfacet
  facet normal 0 0.858032 0.513596
    outer loop
      vertex 30.5 -32.8819 11.5286
      vertex 35 -32.8315 11.4444
      vertex 30.5 -32.8315 11.4444
    endloop
  endfacet
  facet normal 0 0.998803 -0.0489209
    outer loop
      vertex 35 -33 12
      vertex 30.5 -32.9952 12.098
      vertex 35 -32.9952 12.098
    endloop
  endfacet
  facet normal 0 0.998803 -0.0489209
    outer loop
      vertex 30.5 -32.9952 12.098
      vertex 35 -33 12
      vertex 30.5 -33 12
    endloop
  endfacet
  facet normal 0 -0.989182 -0.146696
    outer loop
      vertex 30.5 -31.0048 12.098
      vertex 35 -31.0192 12.1951
      vertex 30.5 -31.0192 12.1951
    endloop
  endfacet
  facet normal 0 -0.989182 -0.146696
    outer loop
      vertex 35 -31.0192 12.1951
      vertex 30.5 -31.0048 12.098
      vertex 35 -31.0048 12.098
    endloop
  endfacet
  facet normal -0 0.671607 0.740908
    outer loop
      vertex 30.5 -32.6344 11.227
      vertex 35 -32.7071 11.2929
      vertex 35 -32.6344 11.227
    endloop
  endfacet
  facet normal 0 0.671607 0.740908
    outer loop
      vertex 35 -32.7071 11.2929
      vertex 30.5 -32.6344 11.227
      vertex 30.5 -32.7071 11.2929
    endloop
  endfacet
  facet normal 0 -0.941742 0.336336
    outer loop
      vertex 30.5 -31.0761 11.6173
      vertex 35 -31.0431 11.7097
      vertex 30.5 -31.0431 11.7097
    endloop
  endfacet
  facet normal 0 -0.941742 0.336336
    outer loop
      vertex 35 -31.0431 11.7097
      vertex 30.5 -31.0761 11.6173
      vertex 35 -31.0761 11.6173
    endloop
  endfacet
  facet normal 0 -0.427955 0.9038
    outer loop
      vertex 30.5 -31.5286 11.1181
      vertex 35 -31.6173 11.0761
      vertex 35 -31.5286 11.1181
    endloop
  endfacet
  facet normal 0 -0.427955 0.9038
    outer loop
      vertex 35 -31.6173 11.0761
      vertex 30.5 -31.5286 11.1181
      vertex 30.5 -31.6173 11.0761
    endloop
  endfacet
  facet normal 0 -0.802925 0.59608
    outer loop
      vertex 30.5 -31.227 11.3656
      vertex 35 -31.1685 11.4444
      vertex 30.5 -31.1685 11.4444
    endloop
  endfacet
  facet normal 0 -0.802925 0.59608
    outer loop
      vertex 35 -31.1685 11.4444
      vertex 30.5 -31.227 11.3656
      vertex 35 -31.227 11.3656
    endloop
  endfacet
  facet normal 0 -0.969902 0.243494
    outer loop
      vertex 30.5 -31.0431 11.7097
      vertex 35 -31.0192 11.8049
      vertex 30.5 -31.0192 11.8049
    endloop
  endfacet
  facet normal 0 -0.969902 0.243494
    outer loop
      vertex 35 -31.0192 11.8049
      vertex 30.5 -31.0431 11.7097
      vertex 35 -31.0431 11.7097
    endloop
  endfacet
  facet normal 0 0.243494 -0.969902
    outer loop
      vertex 30.5 -32.2903 12.9569
      vertex 35 -32.1951 12.9808
      vertex 35 -32.2903 12.9569
    endloop
  endfacet
  facet normal 0 0.243494 -0.969902
    outer loop
      vertex 35 -32.1951 12.9808
      vertex 30.5 -32.2903 12.9569
      vertex 30.5 -32.1951 12.9808
    endloop
  endfacet
  facet normal 0 -0.858032 -0.513596
    outer loop
      vertex 30.5 -31.1181 12.4714
      vertex 35 -31.1685 12.5556
      vertex 30.5 -31.1685 12.5556
    endloop
  endfacet
  facet normal 0 -0.858032 -0.513596
    outer loop
      vertex 35 -31.1685 12.5556
      vertex 30.5 -31.1181 12.4714
      vertex 35 -31.1181 12.4714
    endloop
  endfacet
  facet normal 0 0.513596 -0.858032
    outer loop
      vertex 30.5 -32.5556 12.8315
      vertex 35 -32.4714 12.8819
      vertex 35 -32.5556 12.8315
    endloop
  endfacet
  facet normal 0 0.513596 -0.858032
    outer loop
      vertex 35 -32.4714 12.8819
      vertex 30.5 -32.5556 12.8315
      vertex 30.5 -32.4714 12.8819
    endloop
  endfacet
  facet normal 0 0.941742 0.336336
    outer loop
      vertex 35 -32.9239 11.6173
      vertex 30.5 -32.9569 11.7097
      vertex 35 -32.9569 11.7097
    endloop
  endfacet
  facet normal 0 0.941742 0.336336
    outer loop
      vertex 30.5 -32.9569 11.7097
      vertex 35 -32.9239 11.6173
      vertex 30.5 -32.9239 11.6173
    endloop
  endfacet
  facet normal 0 0.969902 0.243494
    outer loop
      vertex 35 -32.9569 11.7097
      vertex 30.5 -32.9808 11.8049
      vertex 35 -32.9808 11.8049
    endloop
  endfacet
  facet normal 0 0.969902 0.243494
    outer loop
      vertex 30.5 -32.9808 11.8049
      vertex 35 -32.9569 11.7097
      vertex 30.5 -32.9569 11.7097
    endloop
  endfacet
  facet normal 0 -0.858032 0.513596
    outer loop
      vertex 30.5 -31.1685 11.4444
      vertex 35 -31.1181 11.5286
      vertex 30.5 -31.1181 11.5286
    endloop
  endfacet
  facet normal 0 -0.858032 0.513596
    outer loop
      vertex 35 -31.1181 11.5286
      vertex 30.5 -31.1685 11.4444
      vertex 35 -31.1685 11.4444
    endloop
  endfacet
  facet normal -0 0.427955 0.9038
    outer loop
      vertex 30.5 -32.3827 11.0761
      vertex 35 -32.4714 11.1181
      vertex 35 -32.3827 11.0761
    endloop
  endfacet
  facet normal 0 0.427955 0.9038
    outer loop
      vertex 35 -32.4714 11.1181
      vertex 30.5 -32.3827 11.0761
      vertex 30.5 -32.4714 11.1181
    endloop
  endfacet
  facet normal -0 0.0489209 0.998803
    outer loop
      vertex 30.5 -32 11
      vertex 35 -32.098 11.0048
      vertex 35 -32 11
    endloop
  endfacet
  facet normal 0 0.0489209 0.998803
    outer loop
      vertex 35 -32.098 11.0048
      vertex 30.5 -32 11
      vertex 30.5 -32.098 11.0048
    endloop
  endfacet
  facet normal -0 0.513596 0.858032
    outer loop
      vertex 30.5 -32.4714 11.1181
      vertex 35 -32.5556 11.1685
      vertex 35 -32.4714 11.1181
    endloop
  endfacet
  facet normal 0 0.513596 0.858032
    outer loop
      vertex 35 -32.5556 11.1685
      vertex 30.5 -32.4714 11.1181
      vertex 30.5 -32.5556 11.1685
    endloop
  endfacet
  facet normal 0 -0.941742 -0.336336
    outer loop
      vertex 30.5 -31.0431 12.2903
      vertex 35 -31.0761 12.3827
      vertex 30.5 -31.0761 12.3827
    endloop
  endfacet
  facet normal 0 -0.941742 -0.336336
    outer loop
      vertex 35 -31.0761 12.3827
      vertex 30.5 -31.0431 12.2903
      vertex 35 -31.0431 12.2903
    endloop
  endfacet
  facet normal 0 -0.146696 0.989182
    outer loop
      vertex 30.5 -31.8049 11.0192
      vertex 35 -31.902 11.0048
      vertex 35 -31.8049 11.0192
    endloop
  endfacet
  facet normal 0 -0.146696 0.989182
    outer loop
      vertex 35 -31.902 11.0048
      vertex 30.5 -31.8049 11.0192
      vertex 30.5 -31.902 11.0048
    endloop
  endfacet
  facet normal 0 -0.336336 0.941742
    outer loop
      vertex 30.5 -31.6173 11.0761
      vertex 35 -31.7097 11.0431
      vertex 35 -31.6173 11.0761
    endloop
  endfacet
  facet normal 0 -0.336336 0.941742
    outer loop
      vertex 35 -31.7097 11.0431
      vertex 30.5 -31.6173 11.0761
      vertex 30.5 -31.7097 11.0431
    endloop
  endfacet
  facet normal -0 0.243494 0.969902
    outer loop
      vertex 30.5 -32.1951 11.0192
      vertex 35 -32.2903 11.0431
      vertex 35 -32.1951 11.0192
    endloop
  endfacet
  facet normal 0 0.243494 0.969902
    outer loop
      vertex 35 -32.2903 11.0431
      vertex 30.5 -32.1951 11.0192
      vertex 30.5 -32.2903 11.0431
    endloop
  endfacet
  facet normal -0 0.146696 0.989182
    outer loop
      vertex 30.5 -32.098 11.0048
      vertex 35 -32.1951 11.0192
      vertex 35 -32.098 11.0048
    endloop
  endfacet
  facet normal 0 0.146696 0.989182
    outer loop
      vertex 35 -32.1951 11.0192
      vertex 30.5 -32.098 11.0048
      vertex 30.5 -32.1951 11.0192
    endloop
  endfacet
  facet normal 0 0.671607 -0.740908
    outer loop
      vertex 30.5 -32.7071 12.7071
      vertex 35 -32.6344 12.773
      vertex 35 -32.7071 12.7071
    endloop
  endfacet
  facet normal 0 0.671607 -0.740908
    outer loop
      vertex 35 -32.6344 12.773
      vertex 30.5 -32.7071 12.7071
      vertex 30.5 -32.6344 12.773
    endloop
  endfacet
  facet normal 0 0.740908 -0.671607
    outer loop
      vertex 35 -32.773 12.6344
      vertex 30.5 -32.7071 12.7071
      vertex 35 -32.7071 12.7071
    endloop
  endfacet
  facet normal 0 0.740908 -0.671607
    outer loop
      vertex 30.5 -32.7071 12.7071
      vertex 35 -32.773 12.6344
      vertex 30.5 -32.773 12.6344
    endloop
  endfacet
  facet normal 0 0.998803 0.0489209
    outer loop
      vertex 35 -32.9952 11.902
      vertex 30.5 -33 12
      vertex 35 -33 12
    endloop
  endfacet
  facet normal 0 0.998803 0.0489209
    outer loop
      vertex 30.5 -33 12
      vertex 35 -32.9952 11.902
      vertex 30.5 -32.9952 11.902
    endloop
  endfacet
  facet normal -0 0.59608 0.802925
    outer loop
      vertex 30.5 -32.5556 11.1685
      vertex 35 -32.6344 11.227
      vertex 35 -32.5556 11.1685
    endloop
  endfacet
  facet normal 0 0.59608 0.802925
    outer loop
      vertex 35 -32.6344 11.227
      vertex 30.5 -32.5556 11.1685
      vertex 30.5 -32.6344 11.227
    endloop
  endfacet
  facet normal 0 0.427955 -0.9038
    outer loop
      vertex 30.5 -32.4714 12.8819
      vertex 35 -32.3827 12.9239
      vertex 35 -32.4714 12.8819
    endloop
  endfacet
  facet normal 0 0.427955 -0.9038
    outer loop
      vertex 35 -32.3827 12.9239
      vertex 30.5 -32.4714 12.8819
      vertex 30.5 -32.3827 12.9239
    endloop
  endfacet
  facet normal 0 -0.998803 -0.0489209
    outer loop
      vertex 30.5 -31 12
      vertex 35 -31.0048 12.098
      vertex 30.5 -31.0048 12.098
    endloop
  endfacet
  facet normal 0 -0.998803 -0.0489209
    outer loop
      vertex 35 -31.0048 12.098
      vertex 30.5 -31 12
      vertex 35 -31 12
    endloop
  endfacet
  facet normal 0 -0.0489209 -0.998803
    outer loop
      vertex 30.5 -32 13
      vertex 35 -31.902 12.9952
      vertex 35 -32 13
    endloop
  endfacet
  facet normal -0 -0.0489209 -0.998803
    outer loop
      vertex 35 -31.902 12.9952
      vertex 30.5 -32 13
      vertex 30.5 -31.902 12.9952
    endloop
  endfacet
  facet normal 0 -0.9038 0.427955
    outer loop
      vertex 30.5 -31.1181 11.5286
      vertex 35 -31.0761 11.6173
      vertex 30.5 -31.0761 11.6173
    endloop
  endfacet
  facet normal 0 -0.9038 0.427955
    outer loop
      vertex 35 -31.0761 11.6173
      vertex 30.5 -31.1181 11.5286
      vertex 35 -31.1181 11.5286
    endloop
  endfacet
  facet normal 0 -0.998803 0.0489209
    outer loop
      vertex 30.5 -31.0048 11.902
      vertex 35 -31 12
      vertex 30.5 -31 12
    endloop
  endfacet
  facet normal 0 -0.998803 0.0489209
    outer loop
      vertex 35 -31 12
      vertex 30.5 -31.0048 11.902
      vertex 35 -31.0048 11.902
    endloop
  endfacet
  facet normal 0 -0.513596 0.858032
    outer loop
      vertex 30.5 -31.4444 11.1685
      vertex 35 -31.5286 11.1181
      vertex 35 -31.4444 11.1685
    endloop
  endfacet
  facet normal 0 -0.513596 0.858032
    outer loop
      vertex 35 -31.5286 11.1181
      vertex 30.5 -31.4444 11.1685
      vertex 30.5 -31.5286 11.1181
    endloop
  endfacet
  facet normal 0 0.802925 0.59608
    outer loop
      vertex 35 -32.773 11.3656
      vertex 30.5 -32.8315 11.4444
      vertex 35 -32.8315 11.4444
    endloop
  endfacet
  facet normal 0 0.802925 0.59608
    outer loop
      vertex 30.5 -32.8315 11.4444
      vertex 35 -32.773 11.3656
      vertex 30.5 -32.773 11.3656
    endloop
  endfacet
  facet normal 0 0.9038 -0.427955
    outer loop
      vertex 35 -32.9239 12.3827
      vertex 30.5 -32.8819 12.4714
      vertex 35 -32.8819 12.4714
    endloop
  endfacet
  facet normal 0 0.9038 -0.427955
    outer loop
      vertex 30.5 -32.8819 12.4714
      vertex 35 -32.9239 12.3827
      vertex 30.5 -32.9239 12.3827
    endloop
  endfacet
  facet normal 0 -0.740908 -0.671607
    outer loop
      vertex 30.5 -31.227 12.6344
      vertex 35 -31.2929 12.7071
      vertex 30.5 -31.2929 12.7071
    endloop
  endfacet
  facet normal 0 -0.740908 -0.671607
    outer loop
      vertex 35 -31.2929 12.7071
      vertex 30.5 -31.227 12.6344
      vertex 35 -31.227 12.6344
    endloop
  endfacet
  facet normal 0 -0.9038 -0.427955
    outer loop
      vertex 30.5 -31.0761 12.3827
      vertex 35 -31.1181 12.4714
      vertex 30.5 -31.1181 12.4714
    endloop
  endfacet
  facet normal 0 -0.9038 -0.427955
    outer loop
      vertex 35 -31.1181 12.4714
      vertex 30.5 -31.0761 12.3827
      vertex 35 -31.0761 12.3827
    endloop
  endfacet
  facet normal 0 0.146696 -0.989182
    outer loop
      vertex 30.5 -32.1951 12.9808
      vertex 35 -32.098 12.9952
      vertex 35 -32.1951 12.9808
    endloop
  endfacet
  facet normal 0 0.146696 -0.989182
    outer loop
      vertex 35 -32.098 12.9952
      vertex 30.5 -32.1951 12.9808
      vertex 30.5 -32.098 12.9952
    endloop
  endfacet
  facet normal 0 -0.671607 0.740908
    outer loop
      vertex 30.5 -31.2929 11.2929
      vertex 35 -31.3656 11.227
      vertex 35 -31.2929 11.2929
    endloop
  endfacet
  facet normal 0 -0.671607 0.740908
    outer loop
      vertex 35 -31.3656 11.227
      vertex 30.5 -31.2929 11.2929
      vertex 30.5 -31.3656 11.227
    endloop
  endfacet
  facet normal 0 -0.740908 0.671607
    outer loop
      vertex 30.5 -31.2929 11.2929
      vertex 35 -31.227 11.3656
      vertex 30.5 -31.227 11.3656
    endloop
  endfacet
  facet normal 0 -0.740908 0.671607
    outer loop
      vertex 35 -31.227 11.3656
      vertex 30.5 -31.2929 11.2929
      vertex 35 -31.2929 11.2929
    endloop
  endfacet
  facet normal 0 -0.969902 -0.243494
    outer loop
      vertex 30.5 -31.0192 12.1951
      vertex 35 -31.0431 12.2903
      vertex 30.5 -31.0431 12.2903
    endloop
  endfacet
  facet normal 0 -0.969902 -0.243494
    outer loop
      vertex 35 -31.0431 12.2903
      vertex 30.5 -31.0192 12.1951
      vertex 35 -31.0192 12.1951
    endloop
  endfacet
  facet normal 0 0.941742 -0.336336
    outer loop
      vertex 35 -32.9569 12.2903
      vertex 30.5 -32.9239 12.3827
      vertex 35 -32.9239 12.3827
    endloop
  endfacet
  facet normal 0 0.941742 -0.336336
    outer loop
      vertex 30.5 -32.9239 12.3827
      vertex 35 -32.9569 12.2903
      vertex 30.5 -32.9569 12.2903
    endloop
  endfacet
  facet normal 0 -0.336336 -0.941742
    outer loop
      vertex 30.5 -31.7097 12.9569
      vertex 35 -31.6173 12.9239
      vertex 35 -31.7097 12.9569
    endloop
  endfacet
  facet normal -0 -0.336336 -0.941742
    outer loop
      vertex 35 -31.6173 12.9239
      vertex 30.5 -31.7097 12.9569
      vertex 30.5 -31.6173 12.9239
    endloop
  endfacet
  facet normal 0 -0.671607 -0.740908
    outer loop
      vertex 30.5 -31.3656 12.773
      vertex 35 -31.2929 12.7071
      vertex 35 -31.3656 12.773
    endloop
  endfacet
  facet normal -0 -0.671607 -0.740908
    outer loop
      vertex 35 -31.2929 12.7071
      vertex 30.5 -31.3656 12.773
      vertex 30.5 -31.2929 12.7071
    endloop
  endfacet
  facet normal 0 0.802925 -0.59608
    outer loop
      vertex 35 -32.8315 12.5556
      vertex 30.5 -32.773 12.6344
      vertex 35 -32.773 12.6344
    endloop
  endfacet
  facet normal 0 0.802925 -0.59608
    outer loop
      vertex 30.5 -32.773 12.6344
      vertex 35 -32.8315 12.5556
      vertex 30.5 -32.8315 12.5556
    endloop
  endfacet
  facet normal 0 0.59608 -0.802925
    outer loop
      vertex 30.5 -32.6344 12.773
      vertex 35 -32.5556 12.8315
      vertex 35 -32.6344 12.773
    endloop
  endfacet
  facet normal 0 0.59608 -0.802925
    outer loop
      vertex 35 -32.5556 12.8315
      vertex 30.5 -32.6344 12.773
      vertex 30.5 -32.5556 12.8315
    endloop
  endfacet
  facet normal 0 0.969902 -0.243494
    outer loop
      vertex 35 -32.9808 12.1951
      vertex 30.5 -32.9569 12.2903
      vertex 35 -32.9569 12.2903
    endloop
  endfacet
  facet normal 0 0.969902 -0.243494
    outer loop
      vertex 30.5 -32.9569 12.2903
      vertex 35 -32.9808 12.1951
      vertex 30.5 -32.9808 12.1951
    endloop
  endfacet
  facet normal 0 -0.427955 -0.9038
    outer loop
      vertex 30.5 -31.6173 12.9239
      vertex 35 -31.5286 12.8819
      vertex 35 -31.6173 12.9239
    endloop
  endfacet
  facet normal -0 -0.427955 -0.9038
    outer loop
      vertex 35 -31.5286 12.8819
      vertex 30.5 -31.6173 12.9239
      vertex 30.5 -31.5286 12.8819
    endloop
  endfacet
  facet normal 0 -0.59608 -0.802925
    outer loop
      vertex 30.5 -31.4444 12.8315
      vertex 35 -31.3656 12.773
      vertex 35 -31.4444 12.8315
    endloop
  endfacet
  facet normal -0 -0.59608 -0.802925
    outer loop
      vertex 35 -31.3656 12.773
      vertex 30.5 -31.4444 12.8315
      vertex 30.5 -31.3656 12.773
    endloop
  endfacet
  facet normal 0 -0.146696 -0.989182
    outer loop
      vertex 30.5 -31.902 12.9952
      vertex 35 -31.8049 12.9808
      vertex 35 -31.902 12.9952
    endloop
  endfacet
  facet normal -0 -0.146696 -0.989182
    outer loop
      vertex 35 -31.8049 12.9808
      vertex 30.5 -31.902 12.9952
      vertex 30.5 -31.8049 12.9808
    endloop
  endfacet
  facet normal 0 0.740908 0.671607
    outer loop
      vertex 35 -32.7071 11.2929
      vertex 30.5 -32.773 11.3656
      vertex 35 -32.773 11.3656
    endloop
  endfacet
  facet normal 0 0.740908 0.671607
    outer loop
      vertex 30.5 -32.773 11.3656
      vertex 35 -32.7071 11.2929
      vertex 30.5 -32.7071 11.2929
    endloop
  endfacet
  facet normal 0 0 -1
    outer loop
      vertex 30.5 -81 5.2
      vertex 35 -46 5.2
      vertex 35 -81 5.2
    endloop
  endfacet
  facet normal -0 0 -1
    outer loop
      vertex 35 -46 5.2
      vertex 30.5 -81 5.2
      vertex 30.5 -46 5.2
    endloop
  endfacet
  facet normal -0 0 1
    outer loop
      vertex 30.5 -46 0
      vertex 35 -81 0
      vertex 35 -46 0
    endloop
  endfacet
  facet normal 0 0 1
    outer loop
      vertex 35 -81 0
      vertex 30.5 -46 0
      vertex 30.5 -81 0
    endloop
  endfacet
  facet normal 0 -1 0
    outer loop
      vertex 30.5 -46 0
      vertex 35 -46 5.2
      vertex 30.5 -46 5.2
    endloop
  endfacet
  facet normal 0 -1 -0
    outer loop
      vertex 35 -46 5.2
      vertex 30.5 -46 0
      vertex 35 -46 0
    endloop
  endfacet
  facet normal 0 0 -1
    outer loop
      vertex -0.5 -11 4
      vertex 30.5 -1 4
      vertex 30.5 -11 4
    endloop
  endfacet
  facet normal -0 0 -1
    outer loop
      vertex 30.5 -1 4
      vertex -0.5 -11 4
      vertex -0.5 -1 4
    endloop
  endfacet
endsolid OpenSCAD_Model
